,Character,Count,KoreanFlag
0,乙,4896,False
1,丙,1959,False
2,챗,925,True
3,펭,813,True
4,엊,770,True
5,丁,709,False
6,탰,647,True
7,휨,643,True
8,켐,632,True
9,갭,514,True
10,퀀,491,True
11,낵,454,True
12,뎀,434,True
13,쉘,428,True
14,뫼,419,True
15,뗐,416,True
16,펩,388,True
17,횃,385,True
18,틔,376,True
19,얏,374,True
20,셧,371,True
21,핌,362,True
22,홋,360,True
23,팹,357,True
24,옻,357,True
25,믈,356,True
26,퀵,336,True
27,뎠,329,True
28,樂,326,False
29,궜,325,True
30,윷,311,True
31,比,309,False
32,듐,306,True
33,젼,304,True
34,굣,296,True
35,앴,295,True
36,슝,294,True
37,뗀,286,True
38,씰,282,True
39,쥴,275,True
40,쑨,273,True
41,왑,267,True
42,꿎,266,True
43,展,264,False
44,웜,264,True
45,禪,262,False
46,튈,261,True
47,앎,260,True
48,藏,258,False
49,튤,257,True
50,칡,253,True
51,젬,250,True
52,뮴,247,True
53,튠,241,True
54,畵,241,False
55,唐,236,False
56,벵,234,True
57,솎,234,True
58,郡,232,False
59,갉,231,True
60,윅,228,True
61,톳,227,True
62,듦,226,True
63,셌,225,True
64,닻,224,True
65,롄,223,True
66,욘,222,True
67,캅,218,True
68,宋,216,False
69,왱,213,True
70,路,209,False
71,易,208,False
72,夜,208,False
73,李,208,False
74,齋,207,False
75,儒,205,False
76,꼰,204,True
77,윳,203,True
78,쇳,201,True
79,햅,200,True
80,音,200,False
81,괭,197,True
82,洞,196,False
83,훙,196,True
84,像,195,False
85,빕,194,True
86,텄,193,True
87,源,190,False
88,朱,187,False
89,茶,187,False
90,밈,186,True
91,戊,186,False
92,굼,185,True
93,볏,180,True
94,쿱,179,True
95,類,177,False
96,줏,176,True
97,넙,176,True
98,볐,175,True
99,앳,174,True
100,鄕,173,False
101,펍,172,True
102,景,169,False
103,촨,168,True
104,뺌,167,True
105,섶,166,True
106,텼,165,True
107,句,165,False
108,祭,165,False
109,쏭,162,True
110,깰,161,True
111,讀,161,False
112,봬,160,True
113,省,160,False
114,쥘,160,True
115,돛,158,True
116,퀼,157,True
117,멱,156,True
118,뺄,156,True
119,뇽,156,True
120,눗,156,True
121,쉑,156,True
122,쫑,154,True
123,텟,154,True
124,맬,154,True
125,퓸,152,True
126,初,151,False
127,웡,151,True
128,켑,150,True
129,쐈,149,True
130,格,149,False
131,곪,148,True
132,孝,148,False
133,잰,147,True
134,溪,146,False
135,詞,146,False
136,숀,145,True
137,儀,145,False
138,識,145,False
139,湖,145,False
140,忠,142,False
141,敬,140,False
142,筆,140,False
143,띨,139,True
144,쳇,139,True
145,目,139,False
146,諸,138,False
147,題,137,False
148,깼,137,True
149,짰,136,True
150,象,136,False
151,校,136,False
152,話,135,False
153,챕,135,True
154,윔,134,True
155,印,134,False
156,뷸,133,True
157,刊,133,False
158,習,132,False
159,俗,132,False
160,띵,132,True
161,感,131,False
162,遺,131,False
163,變,130,False
164,考,130,False
165,里,130,False
166,핼,129,True
167,寶,127,False
168,精,127,False
169,舊,127,False
170,造,127,False
171,껐,127,True
172,派,126,False
173,옅,126,True
174,號,125,False
175,뼛,125,True
176,僧,125,False
177,麗,125,False
178,헹,125,True
179,쾰,125,True
180,尙,125,False
181,遊,124,False
182,秋,124,False
183,脫,124,False
184,縣,123,False
185,智,123,False
186,紀,123,False
187,松,121,False
188,譜,120,False
189,術,120,False
190,멎,119,True
191,킵,118,True
192,亥,118,False
193,辭,118,False
194,겅,118,True
195,쑈,118,True
196,댑,117,True
197,캇,117,True
198,켤,117,True
199,챠,116,True
200,案,116,False
201,둣,116,True
202,엡,114,True
203,谷,114,False
204,功,114,False
205,꿩,113,True
206,器,113,False
207,넝,113,True
208,誠,113,False
209,興,112,False
210,因,112,False
211,農,111,False
212,舍,111,False
213,草,111,False
214,꽈,110,True
215,科,110,False
216,臺,110,False
217,洪,109,False
218,尊,109,False
219,養,109,False
220,핥,108,True
221,齊,108,False
222,玄,107,False
223,工,107,False
224,達,107,False
225,쌉,107,True
226,船,106,False
227,進,106,False
228,′,106,False
229,寫,105,False
230,序,105,False
231,펨,105,True
232,監,104,False
233,溫,104,False
234,뮈,104,True
235,숄,103,True
236,옇,102,True
237,힝,102,True
238,亭,101,False
239,企,101,False
240,釋,101,False
241,뵐,101,True
242,最,101,False
243,탯,100,True
244,轉,100,False
245,系,100,False
246,應,100,False
247,居,99,False
248,克,99,False
249,致,99,False
250,首,99,False
251,羅,98,False
252,種,98,False
253,位,98,False
254,守,98,False
255,誌,98,False
256,넴,98,True
257,홑,97,True
258,結,97,False
259,補,97,False
260,頭,97,False
261,홧,96,True
262,죗,96,True
263,倭,96,False
264,慶,96,False
265,뼘,96,True
266,篇,96,False
267,솝,95,True
268,뀜,95,True
269,竹,95,False
270,賢,95,False
271,폿,94,True
272,藝,94,False
273,쎈,93,True
274,必,93,False
275,玉,93,False
276,品,93,False
277,程,93,False
278,秦,93,False
279,順,93,False
280,活,93,False
281,役,93,False
282,簡,92,False
283,孔,92,False
284,味,92,False
285,壽,92,False
286,▦,92,False
287,直,92,False
288,崔,91,False
289,뻬,91,True
290,촐,91,True
291,遠,91,False
292,編,90,False
293,存,90,False
294,談,90,False
295,옭,90,True
296,區,90,False
297,寒,90,False
298,휼,90,True
299,윕,89,True
300,韻,89,False
301,館,89,False
302,흄,89,True
303,板,89,False
304,申,88,False
305,夢,88,False
306,改,88,False
307,웸,87,True
308,虛,87,False
309,千,87,False
310,令,87,False
311,碑,87,False
312,魚,87,False
313,銘,87,False
314,點,86,False
315,覺,86,False
316,夷,86,False
317,훅,85,True
318,卽,85,False
319,育,85,False
320,렝,85,True
321,靜,85,False
322,園,85,False
323,假,85,False
324,雅,85,False
325,쌩,84,True
326,協,84,False
327,넵,84,True
328,超,84,False
329,燈,84,False
330,戶,84,False
331,淨,84,False
332,難,83,False
333,葬,83,False
334,永,82,False
335,콴,82,True
336,鑑,82,False
337,씸,82,True
338,힉,82,True
339,述,82,False
340,舞,81,False
341,休,81,False
342,庫,81,False
343,쿰,81,True
344,果,81,False
345,聲,81,False
346,疏,81,False
347,望,81,False
348,卦,80,False
349,質,80,False
350,랖,79,True
351,流,79,False
352,쾨,79,True
353,숑,79,True
354,趙,79,False
355,譯,79,False
356,塔,78,False
357,滿,78,False
358,曲,78,False
359,帖,78,False
360,歸,78,False
361,末,77,False
362,墓,77,False
363,再,77,False
364,加,77,False
365,昌,77,False
366,晋,77,False
367,셴,77,True
368,雜,77,False
369,緣,77,False
370,根,77,False
371,휀,76,True
372,첵,76,True
373,恩,76,False
374,災,76,False
375,喪,76,False
376,쟝,76,True
377,奇,76,False
378,匠,75,False
379,皇,75,False
380,聞,75,False
381,退,75,False
382,交,75,False
383,線,75,False
384,念,75,False
385,찝,75,True
386,殿,74,False
387,隱,74,False
388,샨,74,True
389,稿,74,False
390,始,74,False
391,醫,74,False
392,蘇,74,False
393,律,74,False
394,好,74,False
395,녜,74,True
396,型,73,False
397,建,73,False
398,刻,73,False
399,庚,73,False
400,冊,73,False
401,孟,73,False
402,墨,73,False
403,맸,73,True
404,紙,73,False
405,陰,72,False
406,亞,72,False
407,籍,72,False
408,構,72,False
409,퉜,72,True
410,散,72,False
411,곗,72,True
412,衆,72,False
413,續,72,False
414,캑,72,True
415,病,71,False
416,益,71,False
417,廟,71,False
418,胡,71,False
419,版,71,False
420,仙,71,False
421,客,70,False
422,檢,70,False
423,魏,70,False
424,圓,70,False
425,米,70,False
426,旨,70,False
427,老,69,False
428,놉,69,True
429,調,69,False
430,긔,69,True
431,倍,69,False
432,뼉,69,True
433,헴,69,True
434,슌,69,True
435,弘,69,False
436,指,69,False
437,夏,69,False
438,從,69,False
439,顯,68,False
440,큽,68,True
441,端,68,False
442,賞,68,False
443,酒,68,False
444,室,68,False
445,傷,68,False
446,뗏,67,True
447,샥,67,True
448,創,67,False
449,燕,67,False
450,次,67,False
451,勝,67,False
452,\,67,False
453,覽,67,False
454,뮐,67,True
455,博,66,False
456,半,66,False
457,製,66,False
458,御,66,False
459,職,66,False
460,휜,66,True
461,낍,65,True
462,訓,65,False
463,認,65,False
464,辨,65,False
465,巖,65,False
466,試,65,False
467,떫,65,True
468,떵,65,True
469,뎁,65,True
470,香,64,False
471,照,64,False
472,뿅,64,True
473,承,64,False
474,起,64,False
475,禁,64,False
476,뎃,64,True
477,護,64,False
478,樓,63,False
479,姜,63,False
480,亡,63,False
481,隨,63,False
482,츤,63,True
483,嚴,63,False
484,宣,63,False
485,營,62,False
486,等,62,False
487,素,62,False
488,帶,62,False
489,陳,62,False
490,庵,62,False
491,疑,61,False
492,鶴,61,False
493,컹,61,True
494,容,61,False
495,境,61,False
496,弟,61,False
497,友,61,False
498,셩,61,True
499,講,61,False
500,亂,61,False
501,密,60,False
502,숴,60,True
503,뇰,60,True
504,蒙,60,False
505,셍,60,True
506,植,60,False
507,血,60,False
508,徐,60,False
509,뭍,60,True
510,彙,60,False
511,極,60,False
512,樹,59,False
513,땔,59,True
514,技,59,False
515,莊,59,False
516,꽹,59,True
517,랲,59,True
518,죌,58,True
519,井,58,False
520,附,58,False
521,푯,58,True
522,旗,58,False
523,飛,58,False
524,藥,58,False
525,い,58,False
526,銅,58,False
527,鳥,58,False
528,服,58,False
529,튄,58,True
530,쭝,58,True
531,喜,58,False
532,閣,57,False
533,댜,57,True
534,勢,57,False
535,注,57,False
536,署,57,False
537,星,57,False
538,向,57,False
539,評,57,False
540,泰,57,False
541,衣,57,False
542,崇,57,False
543,牛,56,False
544,吳,56,False
545,標,56,False
546,浦,56,False
547,뉠,56,True
548,他,56,False
549,價,56,False
550,壇,56,False
551,윰,56,True
552,戒,56,False
553,얍,56,True
554,뎐,56,True
555,許,56,False
556,쐬,56,True
557,놋,56,True
558,헙,55,True
559,略,55,False
560,願,55,False
561,視,55,False
562,泉,55,False
563,秀,55,False
564,乘,55,False
565,普,55,False
566,良,55,False
567,範,55,False
568,足,55,False
569,住,55,False
570,띌,55,True
571,琴,55,False
572,떄,54,True
573,止,54,False
574,뜀,54,True
575,룖,54,True
576,梅,54,False
577,今,54,False
578,丹,54,False
579,綱,53,False
580,죤,53,True
581,삵,53,True
582,靈,53,False
583,奉,53,False
584,誤,53,False
585,引,53,False
586,破,53,False
587,柳,53,False
588,曺,53,False
589,量,53,False
590,탉,53,True
591,–,53,False
592,答,53,False
593,童,53,False
594,驛,52,False
595,鎭,52,False
596,祀,52,False
597,失,52,False
598,離,52,False
599,少,52,False
600,脈,52,False
601,邊,52,False
602,苦,52,False
603,否,52,False
604,雨,51,False
605,回,51,False
606,逸,51,False
607,꿉,51,True
608,庸,51,False
609,沙,51,False
610,淵,51,False
611,歷,51,False
612,若,51,False
613,去,51,False
614,影,51,False
615,爭,51,False
616,澤,51,False
617,授,51,False
618,倫,50,False
619,갹,50,True
620,혓,50,True
621,믐,50,True
622,쭐,50,True
623,妙,50,False
624,具,50,False
625,쫒,50,True
626,엷,50,True
627,쑹,50,True
628,卷,50,False
629,單,49,False
630,姓,49,False
631,低,49,False
632,聽,49,False
633,峰,49,False
634,죈,49,True
635,提,49,False
636,섐,49,True
637,錫,49,False
638,긱,49,True
639,斷,49,False
640,域,49,False
641,菩,49,False
642,퓌,49,True
643,귈,48,True
644,純,48,False
645,差,48,False
646,祠,48,False
647,件,48,False
648,球,48,False
649,才,48,False
650,寧,48,False
651,察,48,False
652,婚,48,False
653,榮,48,False
654,尹,48,False
655,룀,48,True
656,웁,47,True
657,除,47,False
658,封,47,False
659,稅,47,False
660,츨,47,True
661,載,47,False
662,局,47,False
663,晩,47,False
664,餘,47,False
665,냑,47,True
666,팃,47,True
667,延,47,False
668,惠,47,False
669,잽,47,True
670,料,47,False
671,群,47,False
672,薩,47,False
673,兒,47,False
674,雪,47,False
675,陶,47,False
676,坐,47,False
677,邑,46,False
678,團,46,False
679,刑,46,False
680,收,46,False
681,深,46,False
682,陀,46,False
683,쁩,46,True
684,藤,46,False
685,雙,46,False
686,넜,45,True
687,訴,45,False
688,態,45,False
689,欲,45,False
690,備,45,False
691,る,45,False
692,悲,45,False
693,革,45,False
694,阿,45,False
695,副,45,False
696,幻,45,False
697,갬,44,True
698,햐,44,True
699,完,44,False
700,冠,44,False
701,港,44,False
702,孤,44,False
703,賦,44,False
704,哲,44,False
705,抄,44,False
706,邪,44,False
707,課,44,False
708,逆,43,False
709,巨,43,False
710,六,43,False
711,慧,43,False
712,洲,43,False
713,圭,43,False
714,뮨,43,True
715,管,42,False
716,辛,42,False
717,康,42,False
718,布,42,False
719,移,42,False
720,鐵,42,False
721,錢,42,False
722,祥,42,False
723,送,42,False
724,設,42,False
725,特,42,False
726,瑞,41,False
727,演,41,False
728,陵,41,False
729,接,41,False
730,符,41,False
731,壁,41,False
732,借,41,False
733,눙,41,True
734,軒,41,False
735,哀,41,False
736,左,41,False
737,廳,41,False
738,愼,41,False
739,撰,41,False
740,赤,41,False
741,樣,40,False
742,準,40,False
743,볜,40,True
744,取,40,False
745,策,40,False
746,な,40,False
747,示,40,False
748,骨,40,False
749,警,40,False
750,熙,40,False
751,쎌,40,True
752,層,40,False
753,津,40,False
754,뙤,39,True
755,畿,39,False
756,杜,39,False
757,鬼,39,False
758,財,39,False
759,委,39,False
760,紅,39,False
761,빳,39,True
762,眼,39,False
763,唱,39,False
764,毅,39,False
765,훠,39,True
766,딨,39,True
767,鳳,39,False
768,施,39,False
769,啓,39,False
770,尼,39,False
771,絶,39,False
772,屬,39,False
773,推,38,False
774,放,38,False
775,輯,38,False
776,峯,38,False
777,係,38,False
778,獻,38,False
779,솽,38,True
780,陸,38,False
781,威,38,False
782,愚,38,False
783,舟,38,False
784,牧,38,False
785,짢,38,True
786,窮,38,False
787,奎,38,False
788,宇,38,False
789,毛,38,False
790,洋,38,False
791,恕,37,False
792,敍,37,False
793,配,37,False
794,昭,37,False
795,僞,37,False
796,賜,37,False
797,唯,37,False
798,冬,37,False
799,깽,37,True
800,荀,37,False
801,쇤,37,True
802,盡,36,False
803,消,36,False
804,罪,36,False
805,池,36,False
806,쉔,36,True
807,伊,36,False
808,캥,36,True
809,‰,36,False
810,돝,36,True
811,后,36,False
812,貢,36,False
813,右,35,False
814,環,35,False
815,巫,35,False
816,各,35,False
817,劉,35,False
818,依,35,False
819,奴,35,False
820,登,35,False
821,歲,35,False
822,뵌,35,True
823,築,35,False
824,頌,35,False
825,と,35,False
826,落,35,False
827,먀,35,True
828,梵,35,False
829,斗,35,False
830,參,35,False
831,愁,35,False
832,厚,34,False
833,計,34,False
834,똬,34,True
835,慕,34,False
836,網,34,False
837,う,34,False
838,ら,34,False
839,펐,34,True
840,懷,34,False
841,빻,34,True
842,柱,34,False
843,鍾,34,False
844,윾,34,True
845,虎,34,False
846,增,34,False
847,貴,34,False
848,券,34,False
849,總,34,False
850,復,34,False
851,쨍,34,True
852,驗,34,False
853,箴,34,False
854,퇘,33,True
855,階,33,False
856,浪,33,False
857,뎡,33,True
858,풂,33,True
859,탸,33,True
860,겜,33,True
861,批,33,False
862,幸,33,False
863,芝,33,False
864,刀,33,False
865,に,33,False
866,狀,33,False
867,寂,33,False
868,房,33,False
869,쪘,33,True
870,龜,33,False
871,繼,33,False
872,追,33,False
873,妻,33,False
874,窯,33,False
875,熱,33,False
876,潭,33,False
877,貞,33,False
878,融,33,False
879,連,33,False
880,曹,33,False
881,微,32,False
882,쭙,32,True
883,攝,32,False
884,郭,32,False
885,混,32,False
886,恨,32,False
887,浮,32,False
888,宴,32,False
889,終,32,False
890,た,32,False
891,お,32,False
892,短,32,False
893,越,32,False
894,適,32,False
895,軌,32,False
896,材,32,False
897,波,32,False
898,射,32,False
899,彌,32,False
900,漁,32,False
901,穆,32,False
902,橋,32,False
903,섦,31,True
904,及,31,False
905,隋,31,False
906,멓,31,True
907,乾,31,False
908,伯,31,False
909,楚,31,False
910,삯,31,True
911,黑,31,False
912,좡,31,True
913,쉥,31,True
914,慈,31,False
915,持,31,False
916,剛,31,False
917,恒,31,False
918,兼,31,False
919,宰,31,False
920,浩,31,False
921,徵,31,False
922,翼,31,False
923,衛,31,False
924,텡,31,True
925,跋,31,False
926,춈,31,True
927,助,30,False
928,힛,30,True
929,背,30,False
930,積,30,False
931,戱,30,False
932,般,30,False
933,償,30,False
934,稱,30,False
935,멥,30,True
936,卑,30,False
937,丘,30,False
938,껫,30,True
939,妃,30,False
940,찧,30,True
941,橫,30,False
942,抗,30,False
943,翁,30,False
944,菴,30,False
945,秉,30,False
946,那,30,False
947,盟,30,False
948,待,30,False
949,寇,30,False
950,台,29,False
951,庭,29,False
952,錦,29,False
953,갰,29,True
954,꼐,29,True
955,챤,29,True
956,電,29,False
957,享,29,False
958,腹,29,False
959,魂,29,False
960,콸,29,True
961,置,29,False
962,午,29,False
963,底,29,False
964,殊,29,False
965,詠,29,False
966,久,29,False
967,뽁,29,True
968,葉,29,False
969,酉,28,False
970,껀,28,True
971,湯,28,False
972,欽,28,False
973,肅,28,False
974,責,28,False
975,仲,28,False
976,蹟,28,False
977,휑,28,True
978,忘,28,False
979,熟,28,False
980,盤,28,False
981,何,28,False
982,麻,28,False
983,算,28,False
984,婦,28,False
985,角,28,False
986,惟,28,False
987,奏,28,False
988,渡,28,False
989,著,28,False
990,複,28,False
991,廷,28,False
992,뽈,28,True
993,腸,27,False
994,岡,27,False
995,巡,27,False
996,盛,27,False
997,뵀,27,True
998,藩,27,False
999,雄,27,False
1000,似,27,False
1001,낟,27,True
1002,쳉,27,True
1003,淳,27,False
1004,し,27,False
1005,座,27,False
1006,か,27,False
1007,訟,27,False
1008,豊,27,False
1009,鐘,27,False
1010,便,27,False
1011,涅,27,False
1012,槃,27,False
1013,桑,27,False
1014,勳,27,False
1015,皆,27,False
1016,組,27,False
1017,귐,27,True
1018,患,27,False
1019,游,26,False
1020,貫,26,False
1021,防,26,False
1022,遇,26,False
1023,督,26,False
1024,昧,26,False
1025,導,26,False
1026,禍,26,False
1027,岩,26,False
1028,く,26,False
1029,執,26,False
1030,鑄,26,False
1031,均,26,False
1032,넒,26,True
1033,寅,26,False
1034,렜,26,True
1035,岳,26,False
1036,쏨,26,True
1037,笑,26,False
1038,隊,26,False
1039,酬,26,False
1040,冥,26,False
1041,彦,26,False
1042,希,26,False
1043,煙,26,False
1044,細,26,False
1045,쌕,26,True
1046,壬,26,False
1047,븀,26,True
1048,掉,26,False
1049,扇,25,False
1050,凡,25,False
1051,寓,25,False
1052,還,25,False
1053,扶,25,False
1054,震,25,False
1055,겋,25,True
1056,彩,25,False
1057,珠,25,False
1058,읜,25,True
1059,肉,25,False
1060,兆,25,False
1061,켕,25,True
1062,쩨,25,True
1063,쨈,25,True
1064,紫,25,False
1065,晉,25,False
1066,窓,25,False
1067,査,25,False
1068,迎,25,False
1069,輔,25,False
1070,宜,25,False
1071,尾,25,False
1072,供,25,False
1073,箚,25,False
1074,鍼,25,False
1075,吏,24,False
1076,邱,24,False
1077,祈,24,False
1078,納,24,False
1079,蘭,24,False
1080,仕,24,False
1081,꽌,24,True
1082,殷,24,False
1083,熹,24,False
1084,엾,24,True
1085,着,24,False
1086,閑,24,False
1087,耕,24,False
1088,뢸,24,True
1089,揚,24,False
1090,個,24,False
1091,維,24,False
1092,步,24,False
1093,爾,24,False
1094,鍊,24,False
1095,趣,24,False
1096,霞,24,False
1097,楊,24,False
1098,碧,24,False
1099,暑,24,False
1100,툇,24,True
1101,驚,24,False
1102,翊,24,False
1103,諺,24,False
1104,옙,24,True
1105,悟,24,False
1106,牌,24,False
1107,勸,24,False
1108,겊,23,True
1109,吾,23,False
1110,窟,23,False
1111,遷,23,False
1112,就,23,False
1113,油,23,False
1114,干,23,False
1115,鳴,23,False
1116,嘉,23,False
1117,で,23,False
1118,뀄,23,True
1119,煥,23,False
1120,꺄,23,True
1121,札,23,False
1122,雕,23,False
1123,切,23,False
1124,磨,23,False
1125,胎,23,False
1126,璿,23,False
1127,桃,23,False
1128,蔡,23,False
1129,寬,23,False
1130,辰,23,False
1131,쉿,23,True
1132,慰,23,False
1133,똔,23,True
1134,홰,23,True
1135,犯,22,False
1136,멨,22,True
1137,烈,22,False
1138,占,22,False
1139,鏡,22,False
1140,互,22,False
1141,蓮,22,False
1142,隆,22,False
1143,吐,22,False
1144,괸,22,True
1145,摩,22,False
1146,駐,22,False
1147,す,22,False
1148,殺,22,False
1149,據,22,False
1150,段,22,False
1151,曉,22,False
1152,잴,22,True
1153,于,22,False
1154,岐,22,False
1155,垂,22,False
1156,弼,22,False
1157,軸,22,False
1158,包,22,False
1159,訂,22,False
1160,幕,22,False
1161,헵,22,True
1162,伽,22,False
1163,륄,22,True
1164,專,22,False
1165,뭅,22,True
1166,냔,22,True
1167,쉈,21,True
1168,獸,21,False
1169,웩,21,True
1170,呪,21,False
1171,賣,21,False
1172,滅,21,False
1173,婢,21,False
1174,″,21,False
1175,滉,21,False
1176,季,21,False
1177,珍,21,False
1178,曆,21,False
1179,操,21,False
1180,露,21,False
1181,屋,21,False
1182,飮,21,False
1183,伏,21,False
1184,狂,21,False
1185,遼,21,False
1186,淚,21,False
1187,訣,21,False
1188,꿴,21,True
1189,顧,21,False
1190,鼓,21,False
1191,兩,21,False
1192,刷,21,False
1193,緯,21,False
1194,崎,21,False
1195,浙,21,False
1196,▨,21,False
1197,摠,21,False
1198,沈,21,False
1199,臥,21,False
1200,梁,21,False
1201,床,21,False
1202,溥,21,False
1203,嶽,21,False
1204,稻,21,False
1205,請,20,False
1206,劍,20,False
1207,簿,20,False
1208,析,20,False
1209,卜,20,False
1210,潮,20,False
1211,쌘,20,True
1212,換,20,False
1213,戌,20,False
1214,卵,20,False
1215,輪,20,False
1216,址,20,False
1217,招,20,False
1218,賊,20,False
1219,苑,20,False
1220,髓,20,False
1221,謹,20,False
1222,賀,20,False
1223,折,20,False
1224,哭,20,False
1225,軾,20,False
1226,含,20,False
1227,董,20,False
1228,忍,20,False
1229,霜,20,False
1230,웻,20,True
1231,飾,20,False
1232,級,20,False
1233,寄,20,False
1234,陣,20,False
1235,往,20,False
1236,衍,20,False
1237,齡,20,False
1238,給,20,False
1239,裝,20,False
1240,靖,20,False
1241,桂,20,False
1242,듸,20,True
1243,쳬,20,True
1244,蓋,20,False
1245,鞭,20,False
1246,삑,20,True
1247,蓬,20,False
1248,伸,20,False
1249,諦,20,False
1250,慾,20,False
1251,付,20,False
1252,又,19,False
1253,烟,19,False
1254,뤽,19,True
1255,宿,19,False
1256,拜,19,False
1257,損,19,False
1258,殉,19,False
1259,弔,19,False
1260,皮,19,False
1261,枝,19,False
1262,沃,19,False
1263,豆,19,False
1264,甘,19,False
1265,召,19,False
1266,냘,19,True
1267,擬,19,False
1268,探,19,False
1269,被,19,False
1270,廢,19,False
1271,固,19,False
1272,嶺,19,False
1273,侍,19,False
1274,貧,19,False
1275,鼎,19,False
1276,氷,19,False
1277,頓,19,False
1278,뷴,19,True
1279,鏞,19,False
1280,婆,19,False
1281,菊,19,False
1282,排,19,False
1283,允,19,False
1284,熊,19,False
1285,謙,19,False
1286,퐝,19,True
1287,拙,18,False
1288,顚,18,False
1289,졍,18,True
1290,賓,18,False
1291,稷,18,False
1292,淫,18,False
1293,詳,18,False
1294,弱,18,False
1295,踐,18,False
1296,샜,18,True
1297,わ,18,False
1298,葛,18,False
1299,맟,18,True
1300,坊,18,False
1301,沒,18,False
1302,避,18,False
1303,懸,18,False
1304,偉,18,False
1305,鹽,18,False
1306,停,18,False
1307,敏,18,False
1308,留,18,False
1309,秘,18,False
1310,箕,18,False
1311,헀,18,True
1312,卿,18,False
1313,삥,18,True
1314,輿,18,False
1315,邦,18,False
1316,푀,18,True
1317,更,18,False
1318,勅,18,False
1319,恭,18,False
1320,堅,18,False
1321,だ,18,False
1322,洑,18,False
1323,聯,18,False
1324,奠,18,False
1325,곔,18,True
1326,俊,18,False
1327,貨,18,False
1328,況,18,False
1329,攻,18,False
1330,鼻,18,False
1331,倉,18,False
1332,率,17,False
1333,纂,17,False
1334,架,17,False
1335,押,17,False
1336,酸,17,False
1337,救,17,False
1338,惺,17,False
1339,卯,17,False
1340,耳,17,False
1341,て,17,False
1342,綠,17,False
1343,諭,17,False
1344,墳,17,False
1345,閔,17,False
1346,模,17,False
1347,辯,17,False
1348,姑,17,False
1349,汎,17,False
1350,き,17,False
1351,呼,17,False
1352,審,17,False
1353,迦,17,False
1354,核,17,False
1355,痛,17,False
1356,賤,17,False
1357,健,17,False
1358,兪,17,False
1359,介,17,False
1360,澄,17,False
1361,敦,17,False
1362,贈,17,False
1363,琉,17,False
1364,憂,17,False
1365,打,17,False
1366,征,17,False
1367,斯,17,False
1368,兄,17,False
1369,쌔,17,True
1370,棟,17,False
1371,遂,17,False
1372,溝,17,False
1373,쨰,17,True
1374,衡,17,False
1375,牒,17,False
1376,領,17,False
1377,町,17,False
1378,確,17,False
1379,索,17,False
1380,潘,17,False
1381,慣,17,False
1382,覆,16,False
1383,托,16,False
1384,違,16,False
1385,束,16,False
1386,掌,16,False
1387,臨,16,False
1388,渤,16,False
1389,淑,16,False
1390,店,16,False
1391,劃,16,False
1392,獄,16,False
1393,챵,16,True
1394,旣,16,False
1395,쯧,16,True
1396,旅,16,False
1397,棍,16,False
1398,濱,16,False
1399,翰,16,False
1400,롸,16,True
1401,睡,16,False
1402,看,16,False
1403,큠,16,True
1404,沖,16,False
1405,픕,16,True
1406,珥,16,False
1407,迷,16,False
1408,乎,16,False
1409,漸,16,False
1410,値,16,False
1411,釜,16,False
1412,早,16,False
1413,透,16,False
1414,到,16,False
1415,渾,16,False
1416,嬪,16,False
1417,瀨,16,False
1418,沌,16,False
1419,染,15,False
1420,玩,15,False
1421,꾐,15,True
1422,飜,15,False
1423,罰,15,False
1424,眉,15,False
1425,採,15,False
1426,擇,15,False
1427,沿,15,False
1428,烏,15,False
1429,鷄,15,False
1430,恥,15,False
1431,갗,15,True
1432,鋪,15,False
1433,儉,15,False
1434,큅,15,True
1435,犬,15,False
1436,週,15,False
1437,젭,15,True
1438,弓,15,False
1439,잗,15,True
1440,妓,15,False
1441,篆,15,False
1442,麟,15,False
1443,投,15,False
1444,繪,15,False
1445,塚,15,False
1446,坡,15,False
1447,箋,15,False
1448,摹,15,False
1449,粗,15,False
1450,懋,15,False
1451,젋,15,True
1452,卒,15,False
1453,粉,15,False
1454,燒,15,False
1455,萊,15,False
1456,짇,15,True
1457,곯,15,True
1458,勇,15,False
1459,洗,15,False
1460,勉,15,False
1461,窩,15,False
1462,荒,15,False
1463,뉼,15,True
1464,替,15,False
1465,擴,15,False
1466,佐,15,False
1467,括,15,False
1468,蘊,15,False
1469,뀝,15,True
1470,刹,15,False
1471,灰,15,False
1472,톺,15,True
1473,訪,15,False
1474,項,15,False
1475,織,15,False
1476,穗,15,False
1477,燮,15,False
1478,艮,15,False
1479,整,15,False
1480,謠,15,False
1481,危,15,False
1482,듄,15,True
1483,舜,15,False
1484,斥,15,False
1485,恐,15,False
1486,峻,15,False
1487,症,14,False
1488,뱡,14,True
1489,洛,14,False
1490,젱,14,True
1491,森,14,False
1492,隣,14,False
1493,絲,14,False
1494,甫,14,False
1495,慮,14,False
1496,晦,14,False
1497,央,14,False
1498,毁,14,False
1499,찿,14,True
1500,響,14,False
1501,敵,14,False
1502,暗,14,False
1503,塗,14,False
1504,彫,14,False
1505,腎,14,False
1506,哈,14,False
1507,鴨,14,False
1508,咸,14,False
1509,岸,14,False
1510,頂,14,False
1511,쳄,14,True
1512,仰,14,False
1513,鬪,14,False
1514,弗,14,False
1515,逐,14,False
1516,佳,14,False
1517,把,14,False
1518,뎬,14,True
1519,謄,14,False
1520,낑,14,True
1521,皐,14,False
1522,薄,14,False
1523,뿡,14,True
1524,濕,14,False
1525,胃,14,False
1526,珪,14,False
1527,褒,14,False
1528,雍,14,False
1529,芳,14,False
1530,肝,14,False
1531,猪,14,False
1532,녈,14,True
1533,벧,14,True
1534,朔,14,False
1535,懼,14,False
1536,뱌,14,True
1537,減,14,False
1538,洙,14,False
1539,깸,14,True
1540,履,14,False
1541,穴,14,False
1542,衰,14,False
1543,悌,14,False
1544,芥,14,False
1545,疾,14,False
1546,襄,14,False
1547,툿,14,True
1548,快,14,False
1549,怒,14,False
1550,紋,14,False
1551,肥,14,False
1552,曠,14,False
1553,뇸,14,True
1554,땋,13,True
1555,街,13,False
1556,툽,13,True
1557,醬,13,False
1558,줴,13,True
1559,爻,13,False
1560,偏,13,False
1561,喩,13,False
1562,癸,13,False
1563,殘,13,False
1564,灣,13,False
1565,每,13,False
1566,齒,13,False
1567,毒,13,False
1568,ん,13,False
1569,幹,13,False
1570,降,13,False
1571,띰,13,True
1572,餓,13,False
1573,尺,13,False
1574,衙,13,False
1575,勤,13,False
1576,淡,13,False
1577,蔘,13,False
1578,胤,13,False
1579,묽,13,True
1580,枕,13,False
1581,抑,13,False
1582,汝,13,False
1583,阪,13,False
1584,헸,13,True
1585,覇,13,False
1586,懺,13,False
1587,呂,13,False
1588,陝,13,False
1589,샾,13,True
1590,쳥,13,True
1591,썅,13,True
1592,脾,13,False
1593,캤,13,True
1594,垈,13,False
1595,粹,13,False
1596,測,13,False
1597,菅,13,False
1598,瀉,13,False
1599,迅,13,False
1600,堯,13,False
1601,曾,13,False
1602,蠶,13,False
1603,꽥,13,True
1604,幷,13,False
1605,頒,13,False
1606,幽,13,False
1607,鷗,13,False
1608,片,12,False
1609,列,12,False
1610,幣,12,False
1611,弊,12,False
1612,薦,12,False
1613,顔,12,False
1614,雷,12,False
1615,甁,12,False
1616,途,12,False
1617,鹿,12,False
1618,諡,12,False
1619,塾,12,False
1620,凶,12,False
1621,巳,12,False
1622,쌰,12,True
1623,あ,12,False
1624,せ,12,False
1625,銃,12,False
1626,れ,12,False
1627,捨,12,False
1628,撫,12,False
1629,租,12,False
1630,徒,12,False
1631,亨,12,False
1632,需,12,False
1633,謀,12,False
1634,藁,12,False
1635,班,12,False
1636,際,12,False
1637,췬,12,True
1638,瓷,12,False
1639,侯,12,False
1640,誦,12,False
1641,攀,12,False
1642,삘,12,True
1643,茂,12,False
1644,漫,12,False
1645,푄,12,True
1646,羲,12,False
1647,盧,12,False
1648,愈,12,False
1649,診,12,False
1650,柔,12,False
1651,穀,12,False
1652,遍,12,False
1653,讓,12,False
1654,須,12,False
1655,擊,12,False
1656,息,12,False
1657,徽,12,False
1658,붇,12,True
1659,邵,12,False
1660,寸,12,False
1661,倒,12,False
1662,輕,12,False
1663,勘,12,False
1664,急,12,False
1665,闕,12,False
1666,夕,12,False
1667,腦,12,False
1668,劇,12,False
1669,怨,12,False
1670,叔,12,False
1671,斬,12,False
1672,壯,12,False
1673,횔,12,True
1674,肖,12,False
1675,乃,12,False
1676,敗,12,False
1677,振,12,False
1678,쭌,12,True
1679,宦,12,False
1680,츈,12,True
1681,킁,12,True
1682,菜,12,False
1683,棗,12,False
1684,屠,12,False
1685,貰,12,False
1686,媒,11,False
1687,厄,11,False
1688,쟉,11,True
1689,槨,11,False
1690,丸,11,False
1691,こ,11,False
1692,禹,11,False
1693,姚,11,False
1694,庶,11,False
1695,盞,11,False
1696,涉,11,False
1697,帆,11,False
1698,討,11,False
1699,縮,11,False
1700,詔,11,False
1701,樸,11,False
1702,裵,11,False
1703,곬,11,True
1704,됬,11,True
1705,廬,11,False
1706,跡,11,False
1707,泥,11,False
1708,拍,11,False
1709,闢,11,False
1710,淮,11,False
1711,矣,11,False
1712,羊,11,False
1713,쟌,11,True
1714,贊,11,False
1715,豚,11,False
1716,塵,11,False
1717,脚,11,False
1718,勞,11,False
1719,뢾,11,True
1720,뢿,11,True
1721,額,11,False
1722,涯,11,False
1723,買,11,False
1724,鵲,11,False
1725,幀,11,False
1726,莫,11,False
1727,云,11,False
1728,錯,11,False
1729,耶,11,False
1730,訥,11,False
1731,蜜,11,False
1732,쵤,11,True
1733,휄,11,True
1734,捷,11,False
1735,余,11,False
1736,萌,11,False
1737,幾,11,False
1738,爽,11,False
1739,朋,11,False
1740,撮,11,False
1741,쨋,11,True
1742,歎,11,False
1743,덖,11,True
1744,촹,11,True
1745,瀋,11,False
1746,培,11,False
1747,틂,11,True
1748,ツ,11,False
1749,鑽,11,False
1750,溶,11,False
1751,偈,11,False
1752,劑,11,False
1753,さ,11,False
1754,灸,11,False
1755,鑿,11,False
1756,裕,11,False
1757,湘,11,False
1758,飯,11,False
1759,冶,11,False
1760,靺,11,False
1761,鞨,11,False
1762,暇,10,False
1763,范,10,False
1764,寡,10,False
1765,濬,10,False
1766,秩,10,False
1767,歡,10,False
1768,怪,10,False
1769,番,10,False
1770,祗,10,False
1771,遭,10,False
1772,免,10,False
1773,呈,10,False
1774,뉨,10,True
1775,も,10,False
1776,歐,10,False
1777,悔,10,False
1778,坤,10,False
1779,砲,10,False
1780,踏,10,False
1781,添,10,False
1782,宏,10,False
1783,彼,10,False
1784,憶,10,False
1785,뇐,10,True
1786,炳,10,False
1787,騎,10,False
1788,긷,10,True
1789,某,10,False
1790,舌,10,False
1791,嗣,10,False
1792,돤,10,True
1793,潤,10,False
1794,旦,10,False
1795,汗,10,False
1796,肺,10,False
1797,鈴,10,False
1798,攷,10,False
1799,諱,10,False
1800,趾,10,False
1801,恤,10,False
1802,譚,10,False
1803,竟,10,False
1804,丑,10,False
1805,粧,10,False
1806,詮,10,False
1807,艶,10,False
1808,疫,10,False
1809,쬔,10,True
1810,寃,10,False
1811,磁,10,False
1812,叢,10,False
1813,挽,10,False
1814,耐,10,False
1815,祝,10,False
1816,負,10,False
1817,筒,10,False
1818,蕭,10,False
1819,屈,10,False
1820,爵,10,False
1821,綿,10,False
1822,貶,10,False
1823,袁,10,False
1824,が,10,False
1825,梨,10,False
1826,援,10,False
1827,묏,10,True
1828,亦,10,False
1829,믕,10,True
1830,鵬,10,False
1831,멉,10,True
1832,汶,10,False
1833,놂,10,True
1834,烙,10,False
1835,チ,10,False
1836,욧,9,True
1837,魔,9,False
1838,楷,9,False
1839,傅,9,False
1840,杭,9,False
1841,り,9,False
1842,瀷,9,False
1843,妄,9,False
1844,堡,9,False
1845,릳,9,True
1846,텬,9,True
1847,絃,9,False
1848,灌,9,False
1849,숩,9,True
1850,恣,9,False
1851,궉,9,True
1852,杏,9,False
1853,몌,9,True
1854,榜,9,False
1855,琢,9,False
1856,迪,9,False
1857,穿,9,False
1858,掃,9,False
1859,充,9,False
1860,鑛,9,False
1861,釣,9,False
1862,輓,9,False
1863,棄,9,False
1864,嫡,9,False
1865,費,9,False
1866,繡,9,False
1867,昏,9,False
1868,疆,9,False
1869,癖,9,False
1870,욥,9,True
1871,輸,9,False
1872,僚,9,False
1873,晝,9,False
1874,箭,9,False
1875,瓦,9,False
1876,串,9,False
1877,竝,9,False
1878,峙,9,False
1879,佑,9,False
1880,閒,9,False
1881,只,9,False
1882,忌,9,False
1883,巷,9,False
1884,壺,9,False
1885,針,9,False
1886,紘,9,False
1887,凉,9,False
1888,땃,9,True
1889,槪,9,False
1890,勒,9,False
1891,魯,9,False
1892,卍,9,False
1893,宙,9,False
1894,伴,9,False
1895,侶,9,False
1896,奪,9,False
1897,イ,9,False
1898,梧,9,False
1899,肇,9,False
1900,懲,9,False
1901,첬,9,True
1902,悅,9,False
1903,漂,9,False
1904,濤,9,False
1905,畏,9,False
1906,薛,9,False
1907,慨,9,False
1908,꿸,9,True
1909,走,9,False
1910,汚,9,False
1911,囚,9,False
1912,諫,9,False
1913,嗜,9,False
1914,륏,9,True
1915,壓,9,False
1916,倂,9,False
1917,뱁,9,True
1918,豪,9,False
1919,溟,9,False
1920,亮,9,False
1921,凹,9,False
1922,娥,9,False
1923,麓,9,False
1924,廂,9,False
1925,廉,9,False
1926,貌,9,False
1927,輝,9,False
1928,鉢,9,False
1929,饌,9,False
1930,昇,9,False
1931,酌,9,False
1932,廊,9,False
1933,航,9,False
1934,몯,9,True
1935,禧,9,False
1936,漕,9,False
1937,託,9,False
1938,屛,9,False
1939,栗,9,False
1940,읏,9,True
1941,瀟,9,False
1942,匙,9,False
1943,믜,9,True
1944,迫,8,False
1945,蜀,8,False
1946,返,8,False
1947,鋼,8,False
1948,黎,8,False
1949,默,8,False
1950,耽,8,False
1951,袖,8,False
1952,そ,8,False
1953,乳,8,False
1954,碩,8,False
1955,柵,8,False
1956,郊,8,False
1957,晶,8,False
1958,或,8,False
1959,鏃,8,False
1960,拈,8,False
1961,瑜,8,False
1962,映,8,False
1963,퍄,8,True
1964,幼,8,False
1965,罷,8,False
1966,卓,8,False
1967,傑,8,False
1968,リ,8,False
1969,閨,8,False
1970,吟,8,False
1971,훕,8,True
1972,浚,8,False
1973,筵,8,False
1974,砂,8,False
1975,톄,8,True
1976,冒,8,False
1977,僻,8,False
1978,霍,8,False
1979,を,8,False
1980,祐,8,False
1981,筑,8,False
1982,밞,8,True
1983,謂,8,False
1984,爐,8,False
1985,牟,8,False
1986,誥,8,False
1987,觸,8,False
1988,矯,8,False
1989,炭,8,False
1990,鉉,8,False
1991,股,8,False
1992,票,8,False
1993,屍,8,False
1994,謝,8,False
1995,杯,8,False
1996,횐,8,True
1997,函,8,False
1998,伐,8,False
1999,욋,8,True
2000,圈,8,False
2001,暴,8,False
2002,埋,8,False
2003,丈,8,False
2004,巴,8,False
2005,刺,8,False
2006,箱,8,False
2007,涵,8,False
2008,슁,8,True
2009,惻,8,False
2010,斧,8,False
2011,練,8,False
2012,預,8,False
2013,煎,8,False
2014,繩,8,False
2015,倻,8,False
2016,倡,8,False
2017,盆,8,False
2018,鎬,8,False
2019,憤,8,False
2020,緖,8,False
2021,뤠,8,True
2022,蓄,8,False
2023,荷,8,False
2024,뚸,8,True
2025,炎,8,False
2026,晃,8,False
2027,帥,8,False
2028,ろ,8,False
2029,塞,8,False
2030,摸,8,False
2031,蛇,8,False
2032,優,8,False
2033,坪,8,False
2034,彬,8,False
2035,끕,8,True
2036,彛,8,False
2037,彰,8,False
2038,惜,8,False
2039,塘,8,False
2040,妹,8,False
2041,桐,8,False
2042,寤,8,False
2043,昔,8,False
2044,奈,8,False
2045,끎,8,True
2046,峴,8,False
2047,誓,8,False
2048,됭,8,True
2049,翠,8,False
2050,站,8,False
2051,鎖,8,False
2052,泗,8,False
2053,已,8,False
2054,綴,8,False
2055,禽,8,False
2056,碍,8,False
2057,坎,8,False
2058,糊,8,False
2059,軀,8,False
2060,뵤,8,True
2061,雁,8,False
2062,葵,8,False
2063,虜,8,False
2064,淺,7,False
2065,朗,7,False
2066,潔,7,False
2067,宅,7,False
2068,尸,7,False
2069,祚,7,False
2070,쳔,7,True
2071,伍,7,False
2072,堧,7,False
2073,沂,7,False
2074,孺,7,False
2075,龕,7,False
2076,墟,7,False
2077,泳,7,False
2078,速,7,False
2079,쿳,7,True
2080,腐,7,False
2081,蠻,7,False
2082,ま,7,False
2083,臟,7,False
2084,昆,7,False
2085,勾,7,False
2086,頻,7,False
2087,띕,7,True
2088,뷜,7,True
2089,沛,7,False
2090,誼,7,False
2091,苗,7,False
2092,栖,7,False
2093,貪,7,False
2094,쭘,7,True
2095,壹,7,False
2096,叱,7,False
2097,絡,7,False
2098,涌,7,False
2099,獵,7,False
2100,猫,7,False
2101,槍,7,False
2102,竇,7,False
2103,旁,7,False
2104,躬,7,False
2105,麥,7,False
2106,罔,7,False
2107,辣,7,False
2108,軟,7,False
2109,席,7,False
2110,遮,7,False
2111,駕,7,False
2112,盜,7,False
2113,枯,7,False
2114,奧,7,False
2115,稀,7,False
2116,徑,7,False
2117,갼,7,True
2118,畢,7,False
2119,楮,7,False
2120,梓,7,False
2121,慷,7,False
2122,퀭,7,True
2123,玲,7,False
2124,勵,7,False
2125,拿,7,False
2126,筠,7,False
2127,棺,7,False
2128,毘,7,False
2129,猶,7,False
2130,鳶,7,False
2131,뗑,7,True
2132,聚,7,False
2133,裏,7,False
2134,尤,7,False
2135,閭,7,False
2136,婁,7,False
2137,握,7,False
2138,鄧,7,False
2139,藻,7,False
2140,閉,7,False
2141,浴,7,False
2142,튐,7,True
2143,誣,7,False
2144,큇,7,True
2145,瓚,7,False
2146,遙,7,False
2147,剪,7,False
2148,掛,7,False
2149,촤,7,True
2150,芸,7,False
2151,拗,7,False
2152,濃,7,False
2153,篤,7,False
2154,潢,7,False
2155,땟,7,True
2156,候,7,False
2157,뇔,7,True
2158,禦,7,False
2159,垢,7,False
2160,俳,7,False
2161,筮,7,False
2162,矢,7,False
2163,栢,7,False
2164,좨,7,True
2165,滯,7,False
2166,厥,7,False
2167,쒀,7,True
2168,虞,7,False
2169,蘆,7,False
2170,歇,7,False
2171,貿,7,False
2172,泊,7,False
2173,싀,7,True
2174,겻,7,True
2175,烝,7,False
2176,쾡,7,True
2177,抵,7,False
2178,곘,7,True
2179,徠,7,False
2180,按,7,False
2181,猥,7,False
2182,翎,7,False
2183,楓,7,False
2184,戍,7,False
2185,剡,7,False
2186,枉,7,False
2187,晙,7,False
2188,鄒,6,False
2189,죔,6,True
2190,퉤,6,True
2191,烽,6,False
2192,禱,6,False
2193,盲,6,False
2194,깟,6,True
2195,掘,6,False
2196,糖,6,False
2197,깹,6,True
2198,鎔,6,False
2199,澳,6,False
2200,績,6,False
2201,皿,6,False
2202,桓,6,False
2203,鳩,6,False
2204,퍅,6,True
2205,帛,6,False
2206,쇽,6,True
2207,聘,6,False
2208,訊,6,False
2209,悼,6,False
2210,縱,6,False
2211,削,6,False
2212,拔,6,False
2213,팼,6,True
2214,驅,6,False
2215,漆,6,False
2216,險,6,False
2217,儷,6,False
2218,돨,6,True
2219,虹,6,False
2220,癡,6,False
2221,璧,6,False
2222,戈,6,False
2223,拱,6,False
2224,点,6,False
2225,彈,6,False
2226,み,6,False
2227,泣,6,False
2228,杖,6,False
2229,溢,6,False
2230,陟,6,False
2231,毬,6,False
2232,蒼,6,False
2233,且,6,False
2234,樑,6,False
2235,橘,6,False
2236,껜,6,True
2237,吸,6,False
2238,檀,6,False
2239,▣,6,False
2240,遵,6,False
2241,翕,6,False
2242,좆,6,True
2243,擁,6,False
2244,煌,6,False
2245,了,6,False
2246,큭,6,True
2247,麵,6,False
2248,較,6,False
2249,祿,6,False
2250,陁,6,False
2251,迂,6,False
2252,楨,6,False
2253,豫,6,False
2254,ど,6,False
2255,は,6,False
2256,焉,6,False
2257,臭,6,False
2258,湛,6,False
2259,楠,6,False
2260,蕩,6,False
2261,빰,6,True
2262,牲,6,False
2263,隔,6,False
2264,循,6,False
2265,艸,6,False
2266,뢴,6,True
2267,찟,6,True
2268,缺,6,False
2269,狄,6,False
2270,壤,6,False
2271,敷,6,False
2272,綜,6,False
2273,緻,6,False
2274,펏,6,True
2275,醇,6,False
2276,巾,6,False
2277,셥,6,True
2278,療,6,False
2279,芽,6,False
2280,괏,6,True
2281,渠,6,False
2282,馹,6,False
2283,핧,6,True
2284,滄,6,False
2285,遣,6,False
2286,升,6,False
2287,曼,6,False
2288,裨,6,False
2289,傾,6,False
2290,됏,6,True
2291,采,6,False
2292,崑,6,False
2293,괵,6,True
2294,阻,6,False
2295,巽,6,False
2296,瀛,6,False
2297,詭,6,False
2298,떰,6,True
2299,쩝,6,True
2300,쾀,6,True
2301,瞻,6,False
2302,胸,6,False
2303,뚠,6,True
2304,旭,6,False
2305,播,6,False
2306,慢,6,False
2307,穡,6,False
2308,餠,6,False
2309,妾,6,False
2310,騰,6,False
2311,髮,6,False
2312,硯,6,False
2313,羽,6,False
2314,舒,6,False
2315,窺,6,False
2316,瘀,6,False
2317,僕,6,False
2318,벋,6,True
2319,帽,6,False
2320,슉,6,True
2321,墮,6,False
2322,偶,6,False
2323,뒈,6,True
2324,側,6,False
2325,籌,6,False
2326,旬,6,False
2327,궷,6,True
2328,藪,6,False
2329,俎,6,False
2330,蹇,6,False
2331,蟲,6,False
2332,퇀,6,True
2333,攘,6,False
2334,寥,6,False
2335,牢,6,False
2336,픅,6,True
2337,蓍,6,False
2338,豕,6,False
2339,遯,6,False
2340,錐,6,False
2341,疊,5,False
2342,繫,5,False
2343,윱,5,True
2344,描,5,False
2345,웟,5,True
2346,霖,5,False
2347,燧,5,False
2348,蕃,5,False
2349,塡,5,False
2350,厭,5,False
2351,뀨,5,True
2352,截,5,False
2353,侵,5,False
2354,솬,5,True
2355,牽,5,False
2356,玆,5,False
2357,낏,5,True
2358,囑,5,False
2359,됴,5,True
2360,矩,5,False
2361,潛,5,False
2362,弧,5,False
2363,揭,5,False
2364,昻,5,False
2365,췰,5,True
2366,礎,5,False
2367,鉤,5,False
2368,喆,5,False
2369,痕,5,False
2370,灼,5,False
2371,沼,5,False
2372,햤,5,True
2373,磋,5,False
2374,琵,5,False
2375,琶,5,False
2376,雉,5,False
2377,騈,5,False
2378,茅,5,False
2379,澎,5,False
2380,匹,5,False
2381,嶼,5,False
2382,泛,5,False
2383,씐,5,True
2384,柄,5,False
2385,塑,5,False
2386,迹,5,False
2387,휭,5,True
2388,睿,5,False
2389,豹,5,False
2390,邇,5,False
2391,뺴,5,True
2392,틑,5,True
2393,嘆,5,False
2394,鐸,5,False
2395,辱,5,False
2396,尉,5,False
2397,拓,5,False
2398,醉,5,False
2399,寮,5,False
2400,刪,5,False
2401,吹,5,False
2402,硬,5,False
2403,闇,5,False
2404,繁,5,False
2405,왝,5,True
2406,읠,5,True
2407,糧,5,False
2408,勿,5,False
2409,竭,5,False
2410,蔭,5,False
2411,ム,5,False
2412,ン,5,False
2413,耿,5,False
2414,誾,5,False
2415,잌,5,True
2416,凝,5,False
2417,犧,5,False
2418,猛,5,False
2419,쐴,5,True
2420,巢,5,False
2421,禎,5,False
2422,벛,5,True
2423,袈,5,False
2424,裟,5,False
2425,譽,5,False
2426,믓,5,True
2427,液,5,False
2428,崗,5,False
2429,紳,5,False
2430,忽,5,False
2431,鬱,5,False
2432,똣,5,True
2433,筌,5,False
2434,飄,5,False
2435,諍,5,False
2436,닢,5,True
2437,溜,5,False
2438,馨,5,False
2439,誘,5,False
2440,똠,5,True
2441,讚,5,False
2442,쨔,5,True
2443,룟,5,True
2444,櫻,5,False
2445,赴,5,False
2446,零,5,False
2447,졔,5,True
2448,姻,5,False
2449,霆,5,False
2450,斌,5,False
2451,焦,5,False
2452,옉,5,True
2453,叫,5,False
2454,檄,5,False
2455,嫦,5,False
2456,鞍,5,False
2457,彭,5,False
2458,챦,5,True
2459,牡,5,False
2460,뱄,5,True
2461,眠,5,False
2462,塼,5,False
2463,삔,5,True
2464,庄,5,False
2465,杰,5,False
2466,壑,5,False
2467,饒,5,False
2468,晴,5,False
2469,紂,5,False
2470,懈,5,False
2471,怠,5,False
2472,ス,5,False
2473,櫂,5,False
2474,澹,5,False
2475,貝,5,False
2476,嘔,5,False
2477,柴,5,False
2478,驪,5,False
2479,묫,5,True
2480,腫,5,False
2481,묄,5,True
2482,膽,5,False
2483,摘,5,False
2484,俱,5,False
2485,蹄,5,False
2486,逍,5,False
2487,競,5,False
2488,薇,5,False
2489,穩,5,False
2490,詐,5,False
2491,돠,5,True
2492,揷,5,False
2493,衷,5,False
2494,韋,5,False
2495,埼,5,False
2496,쎔,5,True
2497,挾,5,False
2498,뚬,5,True
2499,鰲,5,False
2500,짹,5,True
2501,突,5,False
2502,叡,5,False
2503,薪,5,False
2504,帙,5,False
2505,灘,5,False
2506,횰,5,True
2507,閥,5,False
2508,冕,5,False
2509,쒜,5,True
2510,剩,5,False
2511,翹,5,False
2512,遞,5,False
2513,逢,5,False
2514,遜,5,False
2515,凸,5,False
2516,俠,5,False
2517,畜,5,False
2518,큔,5,True
2519,칢,5,True
2520,艀,5,False
2521,狩,5,False
2522,몐,5,True
2523,襲,5,False
2524,廈,5,False
2525,靭,5,False
2526,墻,5,False
2527,淄,5,False
2528,倚,5,False
2529,擾,5,False
2530,‒,5,False
2531,躁,5,False
2532,舡,5,False
2533,듁,4,True
2534,줼,4,True
2535,曝,4,False
2536,츌,4,True
2537,賠,4,False
2538,娛,4,False
2539,睛,4,False
2540,熏,4,False
2541,仇,4,False
2542,謁,4,False
2543,糾,4,False
2544,沮,4,False
2545,伎,4,False
2546,釀,4,False
2547,け,4,False
2548,僿,4,False
2549,胥,4,False
2550,堆,4,False
2551,遁,4,False
2552,읻,4,True
2553,솦,4,True
2554,嶠,4,False
2555,よ,4,False
2556,畓,4,False
2557,凋,4,False
2558,兀,4,False
2559,竪,4,False
2560,盒,4,False
2561,돎,4,True
2562,嫌,4,False
2563,堤,4,False
2564,麒,4,False
2565,쥰,4,True
2566,왐,4,True
2567,倣,4,False
2568,ギ,4,False
2569,樞,4,False
2570,帳,4,False
2571,檜,4,False
2572,炅,4,False
2573,劫,4,False
2574,嗚,4,False
2575,藍,4,False
2576,튁,4,True
2577,抒,4,False
2578,滋,4,False
2579,▽,4,False
2580,覃,4,False
2581,芒,4,False
2582,ご,4,False
2583,兎,4,False
2584,卞,4,False
2585,渭,4,False
2586,娜,4,False
2587,韜,4,False
2588,笏,4,False
2589,鞠,4,False
2590,衫,4,False
2591,貸,4,False
2592,戚,4,False
2593,鞫,4,False
2594,憑,4,False
2595,卉,4,False
2596,릍,4,True
2597,琦,4,False
2598,솨,4,True
2599,棒,4,False
2600,訶,4,False
2601,怡,4,False
2602,呑,4,False
2603,樊,4,False
2604,甸,4,False
2605,艾,4,False
2606,揀,4,False
2607,鈺,4,False
2608,僑,4,False
2609,ラ,4,False
2610,膺,4,False
2611,蟹,4,False
2612,乖,4,False
2613,戴,4,False
2614,蒲,4,False
2615,喇,4,False
2616,廠,4,False
2617,湜,4,False
2618,喚,4,False
2619,芻,4,False
2620,瞑,4,False
2621,癌,4,False
2622,넗,4,True
2623,麴,4,False
2624,牘,4,False
2625,幢,4,False
2626,絹,4,False
2627,贄,4,False
2628,縉,4,False
2629,ル,4,False
2630,メ,4,False
2631,欺,4,False
2632,甄,4,False
2633,奄,4,False
2634,焚,4,False
2635,綺,4,False
2636,뽄,4,True
2637,諷,4,False
2638,肆,4,False
2639,堀,4,False
2640,裳,4,False
2641,蚊,4,False
2642,띱,4,True
2643,但,4,False
2644,빍,4,True
2645,羨,4,False
2646,웤,4,True
2647,亘,4,False
2648,爆,4,False
2649,燃,4,False
2650,褥,4,False
2651,壙,4,False
2652,雇,4,False
2653,웽,4,True
2654,嫁,4,False
2655,耆,4,False
2656,揮,4,False
2657,貯,4,False
2658,潞,4,False
2659,煤,4,False
2660,誇,4,False
2661,冷,4,False
2662,該,4,False
2663,棧,4,False
2664,簾,4,False
2665,磻,4,False
2666,벱,4,True
2667,틍,4,True
2668,짦,4,True
2669,黜,4,False
2670,狗,4,False
2671,肯,4,False
2672,틜,4,True
2673,靄,4,False
2674,蕪,4,False
2675,堪,4,False
2676,鰥,4,False
2677,テ,4,False
2678,뉩,4,True
2679,コ,4,False
2680,솁,4,True
2681,柏,4,False
2682,됫,4,True
2683,駿,4,False
2684,륀,4,True
2685,鴻,4,False
2686,楞,4,False
2687,繕,4,False
2688,甚,4,False
2689,굡,4,True
2690,쏩,4,True
2691,脂,4,False
2692,濁,4,False
2693,뒨,4,True
2694,矜,4,False
2695,聰,4,False
2696,磊,4,False
2697,棲,4,False
2698,旌,4,False
2699,拳,4,False
2700,眷,4,False
2701,悠,4,False
2702,禾,4,False
2703,姬,4,False
2704,逝,4,False
2705,汽,4,False
2706,哨,4,False
2707,戟,4,False
2708,仗,4,False
2709,겯,4,True
2710,퓔,4,True
2711,蔚,4,False
2712,騷,4,False
2713,붜,4,True
2714,읕,4,True
2715,薔,4,False
2716,艦,4,False
2717,菲,4,False
2718,얜,4,True
2719,貊,4,False
2720,唄,4,False
2721,霧,4,False
2722,졋,4,True
2723,廻,4,False
2724,ナ,4,False
2725,ア,4,False
2726,ジ,4,False
2727,廛,4,False
2728,쯕,4,True
2729,駙,4,False
2730,庠,4,False
2731,膚,4,False
2732,駱,4,False
2733,떪,4,True
2734,翔,4,False
2735,琪,4,False
2736,膝,4,False
2737,膳,4,False
2738,厦,4,False
2739,聾,4,False
2740,紛,4,False
2741,嵇,4,False
2742,嶋,4,False
2743,膠,4,False
2744,疇,4,False
2745,衾,4,False
2746,銳,4,False
2747,匪,4,False
2748,胄,4,False
2749,濂,4,False
2750,綽,4,False
2751,謫,4,False
2752,즁,4,True
2753,峨,4,False
2754,凍,4,False
2755,喉,4,False
2756,僉,4,False
2757,顥,4,False
2758,扁,4,False
2759,喝,4,False
2760,曇,4,False
2761,밎,4,True
2762,졕,4,True
2763,鹵,4,False
2764,먄,4,True
2765,嗟,4,False
2766,쟀,4,True
2767,蝦,4,False
2768,騭,4,False
2769,悉,4,False
2770,渴,4,False
2771,坦,4,False
2772,蔬,4,False
2773,佚,4,False
2774,酋,4,False
2775,倪,4,False
2776,囍,4,False
2777,億,4,False
2778,誰,4,False
2779,尋,4,False
2780,濯,4,False
2781,遲,4,False
2782,陜,4,False
2783,垣,4,False
2784,匡,4,False
2785,폽,4,True
2786,쉣,4,True
2787,癬,4,False
2788,憐,4,False
2789,什,4,False
2790,畔,4,False
2791,篙,4,False
2792,墅,3,False
2793,뙈,3,True
2794,쿽,3,True
2795,盾,3,False
2796,츕,3,True
2797,鱗,3,False
2798,擔,3,False
2799,흗,3,True
2800,閼,3,False
2801,퍠,3,True
2802,잆,3,True
2803,詹,3,False
2804,馮,3,False
2805,譬,3,False
2806,侈,3,False
2807,붸,3,True
2808,や,3,False
2809,衿,3,False
2810,欣,3,False
2811,无,3,False
2812,穫,3,False
2813,뎨,3,True
2814,紹,3,False
2815,っ,3,False
2816,燔,3,False
2817,喫,3,False
2818,搔,3,False
2819,痒,3,False
2820,抽,3,False
2821,謬,3,False
2822,愍,3,False
2823,陞,3,False
2824,箔,3,False
2825,甕,3,False
2826,屯,3,False
2827,潑,3,False
2828,湃,3,False
2829,菱,3,False
2830,携,3,False
2831,舫,3,False
2832,琛,3,False
2833,陋,3,False
2834,杞,3,False
2835,榥,3,False
2836,灝,3,False
2837,哉,3,False
2838,釉,3,False
2839,樟,3,False
2840,豁,3,False
2841,疹,3,False
2842,晨,3,False
2843,筍,3,False
2844,狼,3,False
2845,沆,3,False
2846,랸,3,True
2847,詰,3,False
2848,脩,3,False
2849,殆,3,False
2850,割,3,False
2851,켁,3,True
2852,枳,3,False
2853,릐,3,True
2854,瞥,3,False
2855,絅,3,False
2856,흣,3,True
2857,呵,3,False
2858,銓,3,False
2859,擡,3,False
2860,准,3,False
2861,紺,3,False
2862,仍,3,False
2863,ち,3,False
2864,彧,3,False
2865,縫,3,False
2866,旺,3,False
2867,蝶,3,False
2868,붑,3,True
2869,讖,3,False
2870,몀,3,True
2871,款,3,False
2872,俔,3,False
2873,瑤,3,False
2874,ガ,3,False
2875,ド,3,False
2876,棠,3,False
2877,쒸,3,True
2878,毖,3,False
2879,綏,3,False
2880,つ,3,False
2881,翟,3,False
2882,夔,3,False
2883,섥,3,True
2884,賃,3,False
2885,暢,3,False
2886,距,3,False
2887,ノ,3,False
2888,臧,3,False
2889,蒸,3,False
2890,羞,3,False
2891,醜,3,False
2892,瓔,3,False
2893,珞,3,False
2894,卨,3,False
2895,殼,3,False
2896,捲,3,False
2897,敞,3,False
2898,贖,3,False
2899,솅,3,True
2900,賈,3,False
2901,癒,3,False
2902,糞,3,False
2903,牙,3,False
2904,竊,3,False
2905,藜,3,False
2906,鍵,3,False
2907,礫,3,False
2908,뗌,3,True
2909,澗,3,False
2910,庇,3,False
2911,蟄,3,False
2912,喬,3,False
2913,懿,3,False
2914,璇,3,False
2915,朞,3,False
2916,躍,3,False
2917,薰,3,False
2918,努,3,False
2919,募,3,False
2920,ト,3,False
2921,꼇,3,True
2922,娘,3,False
2923,臂,3,False
2924,摺,3,False
2925,敾,3,False
2926,旋,3,False
2927,霽,3,False
2928,穢,3,False
2929,燁,3,False
2930,藉,3,False
2931,却,3,False
2932,읋,3,True
2933,困,3,False
2934,좼,3,True
2935,偕,3,False
2936,겡,3,True
2937,醮,3,False
2938,韶,3,False
2939,◀,3,False
2940,潁,3,False
2941,毫,3,False
2942,圍,3,False
2943,귱,3,True
2944,笠,3,False
2945,匣,3,False
2946,斜,3,False
2947,捕,3,False
2948,寢,3,False
2949,妖,3,False
2950,竿,3,False
2951,蟠,3,False
2952,땨,3,True
2953,坑,3,False
2954,쮜,3,True
2955,辦,3,False
2956,汁,3,False
2957,栽,3,False
2958,雀,3,False
2959,ニ,3,False
2960,ク,3,False
2961,ィ,3,False
2962,ブ,3,False
2963,ダ,3,False
2964,誕,3,False
2965,淹,3,False
2966,奭,3,False
2967,뜁,3,True
2968,ウ,3,False
2969,뫔,3,True
2970,傘,3,False
2971,敲,3,False
2972,孼,3,False
2973,姦,3,False
2974,艱,3,False
2975,俚,3,False
2976,椒,3,False
2977,窄,3,False
2978,耀,3,False
2979,鐥,3,False
2980,枚,3,False
2981,催,3,False
2982,逼,3,False
2983,漬,3,False
2984,垓,3,False
2985,汲,3,False
2986,앟,3,True
2987,쟎,3,True
2988,蹈,3,False
2989,黍,3,False
2990,莞,3,False
2991,겆,3,True
2992,緊,3,False
2993,凌,3,False
2994,嵐,3,False
2995,荏,3,False
2996,썪,3,True
2997,鵠,3,False
2998,姉,3,False
2999,飼,3,False
3000,耗,3,False
3001,殖,3,False
3002,堰,3,False
3003,駁,3,False
3004,짼,3,True
3005,拾,3,False
3006,撥,3,False
3007,濊,3,False
3008,教,3,False
3009,纏,3,False
3010,抹,3,False
3011,粘,3,False
3012,켭,3,True
3013,띡,3,True
3014,툐,3,True
3015,芚,3,False
3016,学,3,False
3017,逑,3,False
3018,穰,3,False
3019,邸,3,False
3020,璽,3,False
3021,풉,3,True
3022,벰,3,True
3023,搜,3,False
3024,箇,3,False
3025,拂,3,False
3026,煉,3,False
3027,袗,3,False
3028,牝,3,False
3029,奮,3,False
3030,圃,3,False
3031,猖,3,False
3032,墾,3,False
3033,娼,3,False
3034,旻,3,False
3035,淘,3,False
3036,汰,3,False
3037,杉,3,False
3038,楡,3,False
3039,岾,3,False
3040,謳,3,False
3041,弁,3,False
3042,幅,3,False
3043,睦,3,False
3044,碣,3,False
3045,煮,3,False
3046,綵,3,False
3047,殯,3,False
3048,緞,3,False
3049,쑵,3,True
3050,广,3,False
3051,쬘,3,True
3052,獅,3,False
3053,狐,3,False
3054,羈,3,False
3055,隙,3,False
3056,扈,3,False
3057,邕,3,False
3058,졀,3,True
3059,岬,3,False
3060,暖,3,False
3061,汪,3,False
3062,捧,3,False
3063,緩,3,False
3064,予,3,False
3065,澣,3,False
3066,滑,3,False
3067,뵘,3,True
3068,腰,3,False
3069,赦,3,False
3070,乞,3,False
3071,눀,3,True
3072,袞,3,False
3073,楹,3,False
3074,酪,3,False
3075,絢,3,False
3076,煩,3,False
3077,累,3,False
3078,舶,3,False
3079,쯩,3,True
3080,豐,3,False
3081,룔,3,True
3082,콱,3,True
3083,鍛,3,False
3084,稽,3,False
3085,妥,3,False
3086,肢,3,False
3087,賴,3,False
3088,澔,3,False
3089,궃,3,True
3090,贓,3,False
3091,꿧,3,True
3092,瑟,3,False
3093,慤,3,False
3094,竣,3,False
3095,瀣,3,False
3096,딮,3,True
3097,杻,3,False
3098,矛,2,False
3099,禳,2,False
3100,읙,2,True
3101,挑,2,False
3102,臼,2,False
3103,쾃,2,True
3104,ば,2,False
3105,ぎ,2,False
3106,녑,2,True
3107,곸,2,True
3108,穎,2,False
3109,絪,2,False
3110,寨,2,False
3111,諶,2,False
3112,稼,2,False
3113,樵,2,False
3114,鷲,2,False
3115,奸,2,False
3116,錮,2,False
3117,巧,2,False
3118,絆,2,False
3119,塊,2,False
3120,措,2,False
3121,岱,2,False
3122,냬,2,True
3123,굥,2,True
3124,좔,2,True
3125,衝,2,False
3126,읿,2,True
3127,叉,2,False
3128,宝,2,False
3129,邁,2,False
3130,箜,2,False
3131,篌,2,False
3132,沫,2,False
3133,套,2,False
3134,崩,2,False
3135,哺,2,False
3136,룐,2,True
3137,펵,2,True
3138,愧,2,False
3139,灑,2,False
3140,蟬,2,False
3141,璫,2,False
3142,졊,2,True
3143,轍,2,False
3144,洽,2,False
3145,坂,2,False
3146,痍,2,False
3147,儲,2,False
3148,늇,2,True
3149,欄,2,False
3150,逋,2,False
3151,븍,2,True
3152,炯,2,False
3153,饑,2,False
3154,콬,2,True
3155,眾,2,False
3156,宛,2,False
3157,굄,2,True
3158,頸,2,False
3159,닯,2,True
3160,曜,2,False
3161,尿,2,False
3162,夾,2,False
3163,揖,2,False
3164,恍,2,False
3165,惚,2,False
3166,孚,2,False
3167,儼,2,False
3168,羔,2,False
3169,뗘,2,True
3170,늴,2,True
3171,ゃ,2,False
3172,敢,2,False
3173,蜺,2,False
3174,짂,2,True
3175,覓,2,False
3176,跛,2,False
3177,엶,2,True
3178,珊,2,False
3179,謨,2,False
3180,苛,2,False
3181,逵,2,False
3182,洌,2,False
3183,윢,2,True
3184,꾳,2,True
3185,繹,2,False
3186,琿,2,False
3187,朵,2,False
3188,奚,2,False
3189,芬,2,False
3190,璃,2,False
3191,뒸,2,True
3192,槐,2,False
3193,읺,2,True
3194,醒,2,False
3195,痘,2,False
3196,곅,2,True
3197,왤,2,True
3198,烋,2,False
3199,莘,2,False
3200,竺,2,False
3201,潼,2,False
3202,崖,2,False
3203,粲,2,False
3204,椿,2,False
3205,慘,2,False
3206,朮,2,False
3207,덨,2,True
3208,멂,2,True
3209,緘,2,False
3210,飭,2,False
3211,カ,2,False
3212,鍍,2,False
3213,拒,2,False
3214,魁,2,False
3215,캭,2,True
3216,蠟,2,False
3217,櫃,2,False
3218,瑋,2,False
3219,詵,2,False
3220,稟,2,False
3221,ネ,2,False
3222,枋,2,False
3223,梶,2,False
3224,쮸,2,True
3225,뿟,2,True
3226,撻,2,False
3227,滬,2,False
3228,嵌,2,False
3229,옸,2,True
3230,鷺,2,False
3231,蛤,2,False
3232,謖,2,False
3233,綸,2,False
3234,옘,2,True
3235,奕,2,False
3236,惑,2,False
3237,嘲,2,False
3238,び,2,False
3239,饗,2,False
3240,앝,2,True
3241,恢,2,False
3242,뭬,2,True
3243,궨,2,True
3244,봔,2,True
3245,瘡,2,False
3246,紗,2,False
3247,攄,2,False
3248,饅,2,False
3249,筋,2,False
3250,曖,2,False
3251,禑,2,False
3252,몊,2,True
3253,碎,2,False
3254,莉,2,False
3255,晟,2,False
3256,繭,2,False
3257,奔,2,False
3258,薑,2,False
3259,聃,2,False
3260,怖,2,False
3261,ッ,2,False
3262,恃,2,False
3263,宬,2,False
3264,聿,2,False
3265,稈,2,False
3266,侃,2,False
3267,漲,2,False
3268,廓,2,False
3269,廚,2,False
3270,鄙,2,False
3271,徙,2,False
3272,涑,2,False
3273,鎰,2,False
3274,畑,2,False
3275,腺,2,False
3276,ヤ,2,False
3277,サ,2,False
3278,痴,2,False
3279,諧,2,False
3280,楯,2,False
3281,壘,2,False
3282,フ,2,False
3283,阮,2,False
3284,万,2,False
3285,邯,2,False
3286,鄲,2,False
3287,飽,2,False
3288,萍,2,False
3289,셑,2,True
3290,췻,2,True
3291,瑗,2,False
3292,댱,2,True
3293,桶,2,False
3294,鯨,2,False
3295,茫,2,False
3296,搗,2,False
3297,砧,2,False
3298,叩,2,False
3299,顆,2,False
3300,瀚,2,False
3301,谿,2,False
3302,吻,2,False
3303,娑,2,False
3304,憺,2,False
3305,읶,2,True
3306,쐝,2,True
3307,蔣,2,False
3308,蝨,2,False
3309,矗,2,False
3310,釗,2,False
3311,늚,2,True
3312,竄,2,False
3313,餌,2,False
3314,睹,2,False
3315,宕,2,False
3316,챜,2,True
3317,撞,2,False
3318,祇,2,False
3319,煇,2,False
3320,趺,2,False
3321,蔑,2,False
3322,횄,2,True
3323,꾄,2,True
3324,汀,2,False
3325,탙,2,True
3326,浜,2,False
3327,郁,2,False
3328,撒,2,False
3329,凰,2,False
3330,貂,2,False
3331,鸚,2,False
3332,鵡,2,False
3333,験,2,False
3334,め,2,False
3335,粥,2,False
3336,뻴,2,True
3337,戮,2,False
3338,葦,2,False
3339,棘,2,False
3340,깆,2,True
3341,瀆,2,False
3342,崙,2,False
3343,恂,2,False
3344,拖,2,False
3345,瑨,2,False
3346,읹,2,True
3347,莖,2,False
3348,匈,2,False
3349,햘,2,True
3350,댖,2,True
3351,粟,2,False
3352,漏,2,False
3353,욍,2,True
3354,嘗,2,False
3355,脣,2,False
3356,縛,2,False
3357,习,2,False
3358,涇,2,False
3359,堉,2,False
3360,渼,2,False
3361,輾,2,False
3362,忙,2,False
3363,搏,2,False
3364,磯,2,False
3365,퀠,2,True
3366,攴,2,False
3367,啞,2,False
3368,옯,2,True
3369,壻,2,False
3370,佾,2,False
3371,嵩,2,False
3372,鎌,2,False
3373,媤,2,False
3374,狎,2,False
3375,훽,2,True
3376,젹,2,True
3377,띳,2,True
3378,솃,2,True
3379,旽,2,False
3380,햔,2,True
3381,棹,2,False
3382,삷,2,True
3383,曳,2,False
3384,煖,2,False
3385,柯,2,False
3386,峽,2,False
3387,웝,2,True
3388,撤,2,False
3389,뗍,2,True
3390,묀,2,True
3391,툥,2,True
3392,쌴,2,True
3393,捉,2,False
3394,玟,2,False
3395,タ,2,False
3396,浸,2,False
3397,宓,2,False
3398,鋒,2,False
3399,떽,2,True
3400,瀑,2,False
3401,픙,2,True
3402,홪,2,True
3403,佰,2,False
3404,릲,2,True
3405,荻,2,False
3406,蝕,2,False
3407,雖,2,False
3408,曙,2,False
3409,啼,2,False
3410,岑,2,False
3411,拯,2,False
3412,揆,2,False
3413,膜,2,False
3414,燻,2,False
3415,鼠,2,False
3416,椅,2,False
3417,拉,2,False
3418,拘,2,False
3419,삣,2,True
3420,脅,2,False
3421,튽,2,True
3422,殃,2,False
3423,샙,2,True
3424,駟,2,False
3425,晛,2,False
3426,价,2,False
3427,錨,2,False
3428,瞭,2,False
3429,핮,2,True
3430,髥,2,False
3431,柚,2,False
3432,楗,2,False
3433,閻,2,False
3434,璩,2,False
3435,寔,2,False
3436,暮,2,False
3437,斂,2,False
3438,汾,2,False
3439,做,2,False
3440,탹,2,True
3441,悶,2,False
3442,戎,2,False
3443,냣,2,True
3444,暄,2,False
3445,澁,2,False
3446,祁,2,False
3447,嬉,2,False
3448,痲,2,False
3449,芹,2,False
3450,핖,2,True
3451,뒴,2,True
3452,鞏,2,False
3453,剋,2,False
3454,痰,2,False
3455,獲,2,False
3456,儺,2,False
3457,弑,2,False
3458,몆,2,True
3459,昉,2,False
3460,媛,2,False
3461,苔,2,False
3462,适,2,False
3463,碗,2,False
3464,楸,2,False
3465,沁,2,False
3466,鶯,2,False
3467,銜,2,False
3468,飢,2,False
3469,盼,2,False
3470,蔓,2,False
3471,ヶ,2,False
3472,隅,2,False
3473,驢,2,False
3474,茱,2,False
3475,萸,2,False
3476,茗,2,False
3477,쒔,2,True
3478,劈,2,False
3479,刃,2,False
3480,瞰,2,False
3481,愷,2,False
3482,덞,2,True
3483,햡,2,True
3484,틉,2,True
3485,胞,2,False
3486,輩,2,False
3487,돐,2,True
3488,傍,2,False
3489,叛,2,False
3490,勁,2,False
3491,傲,2,False
3492,憧,2,False
3493,憬,2,False
3494,饔,2,False
3495,讒,2,False
3496,蠅,2,False
3497,厓,2,False
3498,祛,2,False
3499,氓,2,False
3500,浿,2,False
3501,シ,2,False
3502,稙,2,False
3503,袴,2,False
3504,錤,2,False
3505,셓,2,True
3506,憙,2,False
3507,娃,2,False
3508,푠,2,True
3509,끟,2,True
3510,膀,2,False
3511,胱,2,False
3512,鉛,2,False
3513,辜,2,False
3514,켚,2,True
3515,옜,2,True
3516,驥,2,False
3517,툶,2,True
3518,蒿,2,False
3519,茵,2,False
3520,蔯,2,False
3521,澍,2,False
3522,籟,2,False
3523,묙,1,True
3524,떱,1,True
3525,朕,1,False
3526,晳,1,False
3527,暎,1,False
3528,隍,1,False
3529,詛,1,False
3530,覡,1,False
3531,紡,1,False
3532,斤,1,False
3533,씅,1,True
3534,얬,1,True
3535,赫,1,False
3536,迭,1,False
3537,귿,1,True
3538,궝,1,True
3539,훓,1,True
3540,녃,1,True
3541,奢,1,False
3542,ふ,1,False
3543,괼,1,True
3544,隻,1,False
3545,縕,1,False
3546,튝,1,True
3547,횝,1,True
3548,珽,1,False
3549,毆,1,False
3550,匯,1,False
3551,걜,1,True
3552,냰,1,True
3553,捺,1,False
3554,쳅,1,True
3555,瓣,1,False
3556,젾,1,True
3557,捐,1,False
3558,잩,1,True
3559,랒,1,True
3560,蚌,1,False
3561,洒,1,False
3562,沽,1,False
3563,▧,1,False
3564,볘,1,True
3565,몲,1,True
3566,훝,1,True
3567,뱎,1,True
3568,瞋,1,False
3569,磎,1,False
3570,젔,1,True
3571,殲,1,False
3572,낻,1,True
3573,껸,1,True
3574,鮑,1,False
3575,瘠,1,False
3576,贍,1,False
3577,穉,1,False
3578,낢,1,True
3579,ほ,1,False
3580,壞,1,False
3581,搖,1,False
3582,퇸,1,True
3583,秒,1,False
3584,臾,1,False
3585,딹,1,True
3586,彎,1,False
3587,俑,1,False
3588,褐,1,False
3589,홛,1,True
3590,걺,1,True
3591,燥,1,False
3592,縝,1,False
3593,닺,1,True
3594,喘,1,False
3595,쟨,1,True
3596,溺,1,False
3597,邙,1,False
3598,眺,1,False
3599,옾,1,True
3600,魅,1,False
3601,낣,1,True
3602,윝,1,True
3603,먕,1,True
3604,賭,1,False
3605,츙,1,True
3606,贅,1,False
3607,嬌,1,False
3608,蘗,1,False
3609,賰,1,False
3610,畫,1,False
3611,眀,1,False
3612,麤,1,False
3613,츼,1,True
3614,萩,1,False
3615,蝴,1,False
3616,誨,1,False
3617,柑,1,False
3618,섧,1,True
3619,楙,1,False
3620,漠,1,False
3621,뚁,1,True
3622,땽,1,True
3623,렶,1,True
3624,븸,1,True
3625,밷,1,True
3626,퐈,1,True
3627,뭤,1,True
3628,尖,1,False
3629,榕,1,False
3630,馱,1,False
3631,눼,1,True
3632,붗,1,True
3633,읭,1,True
3634,螺,1,False
3635,鈿,1,False
3636,딫,1,True
3637,閤,1,False
3638,搢,1,False
3639,湺,1,False
3640,捌,1,False
3641,埴,1,False
3642,翻,1,False
3643,繙,1,False
3644,췐,1,True
3645,俟,1,False
3646,璋,1,False
3647,逮,1,False
3648,臘,1,False
3649,瓏,1,False
3650,闖,1,False
3651,弄,1,False
3652,閏,1,False
3653,笞,1,False
3654,珩,1,False
3655,욌,1,True
3656,졉,1,True
3657,牀,1,False
3658,陛,1,False
3659,剽,1,False
3660,猊,1,False
3661,茨,1,False
3662,鈞,1,False
3663,稠,1,False
3664,邏,1,False
3665,荳,1,False
3666,輟,1,False
3667,瀧,1,False
3668,袋,1,False
3669,ケ,1,False
3670,淀,1,False
3671,햊,1,True
3672,쎘,1,True
3673,祏,1,False
3674,鎣,1,False
3675,侖,1,False
3676,讐,1,False
3677,詢,1,False
3678,넏,1,True
3679,삳,1,True
3680,鉞,1,False
3681,げ,1,False
3682,璣,1,False
3683,黔,1,False
3684,芼,1,False
3685,毓,1,False
3686,崧,1,False
3687,虔,1,False
3688,琳,1,False
3689,鵝,1,False
3690,雰,1,False
3691,蓉,1,False
3692,渦,1,False
3693,햎,1,True
3694,붏,1,True
3695,뭏,1,True
3696,쐇,1,True
3697,鱐,1,False
3698,寐,1,False
3699,둴,1,True
3700,잏,1,True
3701,汨,1,False
3702,苟,1,False
3703,냋,1,True
3704,荇,1,False
3705,夙,1,False
3706,妊,1,False
3707,濠,1,False
3708,늒,1,True
3709,拇,1,False
3710,姪,1,False
3711,偵,1,False
3712,駭,1,False
3713,倜,1,False
3714,쟐,1,True
3715,沔,1,False
3716,雯,1,False
3717,搾,1,False
3718,恁,1,False
3719,ソ,1,False
3720,エ,1,False
3721,プ,1,False
3722,ロ,1,False
3723,傀,1,False
3724,儡,1,False
3725,袍,1,False
3726,톼,1,True
3727,餉,1,False
3728,樽,1,False
3729,姒,1,False
3730,礖,1,False
3731,鈍,1,False
3732,蕾,1,False
3733,鈕,1,False
3734,饍,1,False
3735,耘,1,False
3736,숸,1,True
3737,헁,1,True
3738,읖,1,True
3739,뵜,1,True
3740,沸,1,False
3741,仄,1,False
3742,桀,1,False
3743,じ,1,False
3744,ょ,1,False
3745,瓮,1,False
3746,峠,1,False
3747,柾,1,False
3748,膵,1,False
3749,ミ,1,False
3750,ヲ,1,False
3751,芾,1,False
3752,놏,1,True
3753,稗,1,False
3754,쎙,1,True
3755,逗,1,False
3756,毗,1,False
3757,夭,1,False
3758,蔗,1,False
3759,甛,1,False
3760,剝,1,False
3761,먓,1,True
3762,慊,1,False
3763,邈,1,False
3764,鎧,1,False
3765,樗,1,False
3766,묭,1,True
3767,淃,1,False
3768,慙,1,False
3769,爛,1,False
3770,爀,1,False
3771,茉,1,False
3772,戀,1,False
3773,褓,1,False
3774,賻,1,False
3775,礪,1,False
3776,唜,1,False
3777,돾,1,True
3778,亶,1,False
3779,엤,1,True
3780,控,1,False
3781,え,1,False
3782,燾,1,False
3783,흫,1,True
3784,肩,1,False
3785,へ,1,False
3786,擥,1,False
3787,泓,1,False
3788,숌,1,True
3789,驕,1,False
3790,홱,1,True
3791,誹,1,False
3792,굑,1,True
3793,梔,1,False
3794,羌,1,False
3795,泌,1,False
3796,惰,1,False
3797,瑪,1,False
3798,瑙,1,False
3799,엦,1,True
3800,쫘,1,True
3801,珖,1,False
3802,劣,1,False
3803,佩,1,False
3804,鞋,1,False
3805,甑,1,False
3806,곩,1,True
3807,旱,1,False
3808,魃,1,False
3809,漑,1,False
3810,糠,1,False
3811,滴,1,False
3812,雛,1,False
3813,湧,1,False
3814,輦,1,False
3815,湫,1,False
3816,됰,1,True
3817,믾,1,True
3818,뱍,1,True
3819,臻,1,False
3820,雎,1,False
3821,雌,1,False
3822,맇,1,True
3823,슾,1,True
3824,杵,1,False
3825,荊,1,False
3826,줂,1,True
3827,薯,1,False
3828,돟,1,True
3829,앚,1,True
3830,쥼,1,True
3831,咤,1,False
3832,狹,1,False
3833,ヨ,1,False
3834,剔,1,False
3835,聊,1,False
3836,湮,1,False
3837,菁,1,False
3838,疲,1,False
3839,캎,1,True
3840,壎,1,False
3841,茸,1,False
3842,拷,1,False
3843,곚,1,True
3844,픠,1,True
3845,瞳,1,False
3846,뇩,1,True
3847,먁,1,True
3848,猿,1,False
3849,餞,1,False
3850,槿,1,False
3851,묾,1,True
3852,为,1,False
3853,퍈,1,True
3854,괍,1,True
3855,빋,1,True
3856,訃,1,False
3857,俛,1,False
3858,윹,1,True
3859,丞,1,False
3860,阜,1,False
3861,杆,1,False
3862,屎,1,False
3863,댤,1,True
3864,컽,1,True
3865,蜂,1,False
3866,뵨,1,True
3867,穹,1,False
3868,ベ,1,False
3869,헜,1,True
3870,뒥,1,True
3871,듕,1,True
3872,귁,1,True
3873,芿,1,False
3874,붖,1,True
3875,쨩,1,True
3876,ヘ,1,False
3877,푭,1,True
3878,躊,1,False
3879,躇,1,False
3880,鍪,1,False
3881,쳣,1,True
3882,紇,1,False
3883,雩,1,False
3884,廖,1,False
3885,岷,1,False
3886,徘,1,False
3887,徊,1,False
3888,們,1,False
3889,粱,1,False
3890,픞,1,True
3891,娶,1,False
3892,嫂,1,False
3893,紐,1,False
3894,ぜ,1,False
3895,擄,1,False
3896,愿,1,False
3897,跨,1,False
3898,寵,1,False
3899,짒,1,True
3900,勰,1,False
3901,尚,1,False
3902,清,1,False
3903,悖,1,False
3904,ゲ,1,False
3905,뺍,1,True
3906,괟,1,True
3907,잚,1,True
3908,卩,1,False
3909,꿏,1,True
3910,昊,1,False
3911,腕,1,False
3912,激,1,False
3913,닜,1,True
3914,麈,1,False
3915,渣,1,False
3916,艤,1,False
3917,鼈,1,False
3918,乭,1,False
3919,褙,1,False
3920,槎,1,False
3921,噴,1,False
3922,紬,1,False
3923,暈,1,False
3924,蚕,1,False
3925,좍,1,True
3926,엹,1,True
3927,剖,1,False
3928,憫,1,False
3929,좐,1,True
3930,竅,1,False
3931,蓀,1,False
3932,咨,1,False
3933,쨉,1,True
3934,ョ,1,False
3935,渙,1,False
3936,儆,1,False
3937,晫,1,False
3938,皓,1,False
3939,즛,1,True
3940,齎,1,False
3941,梗,1,False
3942,蟻,1,False
3943,洵,1,False
3944,珦,1,False
3945,膿,1,False
3946,癰,1,False
3947,슮,1,True
3948,稚,1,False
3949,쀠,1,True
3950,繇,1,False
3951,녠,1,True
3952,쟘,1,True
3953,乏,1,False
3954,璟,1,False
3955,姐,1,False
3956,씼,1,True
3957,콋,1,True
3958,륌,1,True
3959,쥡,1,True
3960,돚,1,True
3961,酷,1,False
3962,쳘,1,True
3963,玳,1,False
3964,瑁,1,False
3965,芷,1,False
3966,珂,1,False
3967,宸,1,False
3968,勛,1,False
3969,箏,1,False
3970,읨,1,True
3971,纘,1,False
3972,븟,1,True
3973,拭,1,False
3974,虧,1,False
3975,晥,1,False
3976,脇,1,False
3977,욷,1,True
3978,닶,1,True
3979,늗,1,True
3980,둗,1,True
3981,녇,1,True
3982,洸,1,False
3983,軻,1,False
3984,琬,1,False
3985,笙,1,False
3986,蒹,1,False
3987,葭,1,False
3988,싟,1,True
3989,闡,1,False
3990,쏫,1,True
3991,彝,1,False
3992,棉,1,False
3993,긘,1,True
3994,롓,1,True
3995,岫,1,False
3996,槽,1,False
3997,햠,1,True
3998,陪,1,False
3999,価,1,False
4000,뭊,1,True
4001,묑,1,True
4002,孜,1,False
4003,饉,1,False
4004,앍,1,True
4005,踰,1,False
4006,욯,1,True
4007,慽,1,False
4008,諮,1,False
4009,윥,1,True
4010,隷,1,False
4011,澈,1,False
4012,釐,1,False
4013,罕,1,False
4014,긿,1,True
4015,앜,1,True
4016,抱,1,False
4017,鈔,1,False
4018,餐,1,False
4019,瑃,1,False
4020,岺,1,False
4021,繞,1,False
4022,햝,1,True
4023,퐌,1,True
4024,骸,1,False
4025,紆,1,False
4026,邂,1,False
4027,逅,1,False
4028,揲,1,False
4029,纖,1,False
4030,兌,1,False
4031,璨,1,False
4032,徇,1,False
4033,됮,1,True
4034,唆,1,False
4035,瘦,1,False
4036,븠,1,True
4037,璹,1,False
4038,뗸,1,True
4039,붠,1,True
4040,鵑,1,False
4041,矮,1,False
4042,劄,1,False
4043,춴,1,True
4044,購,1,False
4045,샂,1,True
4046,レ,1,False
4047,싷,1,True
4048,誅,1,False
4049,됀,1,True
4050,뀀,1,True
4051,畝,1,False
4052,拌,1,False
4053,핷,1,True
4054,蕨,1,False
4055,妬,1,False
4056,瀯,1,False
4057,椎,1,False
4058,彿,1,False
4059,匕,1,False
4060,룃,1,True
4061,껭,1,True
4062,뷘,1,True
4063,뜌,1,True
4064,熄,1,False
4065,窪,1,False
4066,賚,1,False
4067,꽐,1,True
4068,녰,1,True
4069,뱕,1,True
4070,暫,1,False
4071,꽜,1,True
4072,뢍,1,True
4073,꼲,1,True
4074,鉅,1,False
4075,鄂,1,False
4076,藿,1,False
4077,粒,1,False
4078,膈,1,False
4079,꺠,1,True
4080,蒜,1,False
4081,慟,1,False
4082,冀,1,False
4083,渗,1,False
4084,퓻,1,True
4085,綬,1,False
4086,囊,1,False
4087,罹,1,False
4088,劾,1,False
4089,黙,1,False
4090,韆,1,False
4091,卄,1,False
4092,慌,1,False
4093,ビ,1,False
4094,晏,1,False
4095,賾,1,False
4096,젙,1,True
4097,퍙,1,True
4098,됙,1,True
4099,砬,1,False
4100,퀜,1,True
4101,裡,1,False
4102,腑,1,False
4103,뼜,1,True
4104,쵲,1,True
4105,挻,1,False
4106,璘,1,False
4107,뱐,1,True
4108,マ,1,False
4109,勃,1,False
4110,琮,1,False
4111,녓,1,True
4112,杓,1,False
4113,쩬,1,True
4114,簽,1,False
4115,縟,1,False
4116,썻,1,True
4117,쓿,1,True
4118,謎,1,False
4119,읫,1,True
4120,隧,1,False
4121,肌,1,False
4122,閱,1,False
4123,햑,1,True
4124,긑,1,True
4125,虐,1,False
4126,墩,1,False
4127,밪,1,True
4128,蘖,1,False
4129,祜,1,False
4130,馥,1,False
4131,晸,1,False
4132,ハ,1,False
4133,떢,1,True
4134,踊,1,False
4135,薨,1,False
4136,遐,1,False
4137,僊,1,False
4138,챰,1,True
4139,陷,1,False
4140,ェ,1,False
4141,憚,1,False
4142,灃,1,False
4143,隴,1,False
4144,豳,1,False
4145,玹,1,False
4146,顏,1,False
4147,푈,1,True
4148,땁,1,True
4149,蝟,1,False
4150,枾,1,False
4151,盂,1,False
4152,얶,1,True
4153,莽,1,False
4154,隘,1,False
4155,죙,1,True
4156,굫,1,True
4157,륑,1,True
4158,뚯,1,True
4159,衲,1,False
4160,蓑,1,False
4161,磾,1,False
4162,暝,1,False
4163,紮,1,False
4164,凱,1,False
4165,뮙,1,True
4166,輅,1,False
4167,艙,1,False
4168,瑛,1,False
4169,嵋,1,False
4170,켱,1,True
4171,巍,1,False
4172,犢,1,False
4173,廐,1,False
4174,邢,1,False
4175,昺,1,False
4176,弇,1,False
4177,漳,1,False
4178,俯,1,False
4179,졈,1,True
4180,춀,1,True
4181,玖,1,False
4182,쬠,1,True
4183,纛,1,False
4184,갊,1,True
4185,곒,1,True
4186,쵠,1,True
4187,痼,1,False
4188,둉,1,True
4189,깠,1,True
4190,蘿,1,False
4191,蔔,1,False
4192,菹,1,False
4193,藎,1,False
4194,障,1,False
4195,쮠,1,True
4196,丕,1,False
4197,姸,1,False
4198,簇,1,False
4199,젿,1,True
4200,窈,1,False
4201,窕,1,False
4202,럄,1,True
4203,藕,1,False
4204,犁,1,False
4205,勣,1,False
4206,浣,1,False
4207,劒,1,False
4208,膏,1,False
4209,꼍,1,True
4210,쵷,1,True
4211,曦,1,False
4212,蔽,1,False
4213,盖,1,False
4214,恬,1,False
4215,漿,1,False
4216,煐,1,False
4217,剌,1,False
4218,籬,1,False
4219,逞,1,False
4220,賮,1,False
4221,裸,1,False
4222,욳,1,True
4223,埈,1,False
4224,잋,1,True
4225,盃,1,False
4226,綾,1,False
4227,燦,1,False
4228,뉵,1,True
4229,网,1,False
4230,悛,1,False
4231,屆,1,False
4232,꺅,1,True
4233,딀,1,True
4234,덪,1,True
4235,毋,1,False
4236,絿,1,False
4237,扉,1,False
4238,죵,1,True
4239,语,1,False
4240,웥,1,True
4241,銑,1,False
4242,봏,1,True
4243,삠,1,True
4244,籃,1,False
4245,惇,1,False
4246,귺,1,True
4247,吼,1,False
4248,硫,1,False
4249,홤,1,True
4250,轅,1,False
4251,둿,1,True
4252,俄,1,False
4253,洩,1,False
4254,蕣,1,False
4255,筬,1,False
4256,욺,1,True
4257,僭,1,False
4258,웇,1,True
4259,읓,1,True
4260,垠,1,False
4261,홁,1,True
4262,耉,1,False
4263,噬,1,False
4264,嗑,1,False
4265,翌,1,False
4266,徹,1,False
4267,带,1,False
4268,핡,1,True
4269,볹,1,True
4270,凞,1,False
4271,粮,1,False
4272,횽,1,True
4273,뗬,1,True
4274,璜,1,False
4275,쬬,1,True
4276,胴,1,False
4277,렿,1,True
4278,肪,1,False
4279,縻,1,False
4280,煬,1,False
4281,庾,1,False
4282,痺,1,False
4283,밠,1,True
4284,簒,1,False
4285,엲,1,True
4286,惹,1,False
4287,묜,1,True
4288,萱,1,False
4289,곌,1,True
4290,嘯,1,False
4291,憎,1,False
4292,菌,1,False
4293,뙨,1,True
4294,앢,1,True
4295,騶,1,False
4296,椧,1,False
4297,錚,1,False
4298,鍮,1,False
4299,幟,1,False
4300,誡,1,False
4301,쟂,1,True
4302,餃,1,False
4303,斫,1,False
4304,弦,1,False
4305,킌,1,True
4306,慄,1,False
4307,켬,1,True
4308,瞿,1,False
4309,봍,1,True
4310,셤,1,True
4311,逃,1,False
4312,俵,1,False
4313,乍,1,False
4314,蕉,1,False
4315,흭,1,True
4316,핟,1,True
4317,転,1,False
4318,쇨,1,True
4319,孀,1,False
4320,佔,1,False
4321,콫,1,True
4322,쨕,1,True
4323,詣,1,False
4324,醴,1,False
4325,뺵,1,True
4326,斑,1,False
4327,孕,1,False
4328,兜,1,False
4329,틘,1,True
4330,붆,1,True
4331,胚,1,False
4332,兢,1,False
4333,賑,1,False
4334,錠,1,False
4335,혤,1,True
4336,嫩,1,False
4337,쑴,1,True
4338,銖,1,False
4339,괒,1,True
4340,懶,1,False
4341,벝,1,True
4342,擢,1,False
4343,璞,1,False
